2026/06/14 21:01:54.911, 0, 0, 73.10
2026/06/14 21:01:55.916, 0, 0, 73.13
2026/06/14 21:01:56.916, 4, 0, 73.30
2026/06/14 21:01:57.920, 385, 0, 97.00
2026/06/14 21:01:58.920, 385, 0, 117.61
2026/06/14 21:01:59.920, 385, 0, 117.58
2026/06/14 21:02:00.921, 3087, 0, 117.65
2026/06/14 21:02:01.921, 3089, 0, 117.70
2026/06/14 21:02:02.921, 4749, 2, 117.89
2026/06/14 21:02:03.921, 6611, 4, 118.91
2026/06/14 21:02:04.922, 30689, 14, 133.63
2026/06/14 21:02:05.922, 30689, 14, 119.44
2026/06/14 21:02:06.922, 30689, 15, 119.55
2026/06/14 21:02:07.922, 30689, 14, 119.26
2026/06/14 21:02:08.923, 30689, 4, 119.35
2026/06/14 21:02:09.923, 34403, 5, 124.31
2026/06/14 21:02:10.923, 42727, 100, 264.99
2026/06/14 21:02:11.923, 42729, 100, 275.27
2026/06/14 21:02:12.924, 42731, 100, 275.86
2026/06/14 21:02:13.924, 42731, 100, 279.04
2026/06/14 21:02:14.924, 42733, 100, 276.33
2026/06/14 21:02:15.924, 42733, 100, 263.33
2026/06/14 21:02:16.925, 42733, 0, 119.99
2026/06/14 21:02:17.925, 42797, 3, 130.12
2026/06/14 21:02:18.925, 42797, 0, 122.33
2026/06/14 21:02:19.925, 42797, 100, 294.10
2026/06/14 21:02:20.926, 42797, 100, 296.13
2026/06/14 21:02:21.926, 42799, 100, 297.02
2026/06/14 21:02:22.926, 42799, 100, 297.77
2026/06/14 21:02:23.926, 42799, 100, 297.75
2026/06/14 21:02:24.927, 42799, 100, 294.99
2026/06/14 21:02:25.927, 42799, 0, 231.06
2026/06/14 21:02:26.927, 42799, 100, 212.77
2026/06/14 21:02:27.927, 42799, 100, 296.33
2026/06/14 21:02:28.928, 42799, 100, 296.67
2026/06/14 21:02:29.928, 42799, 100, 297.86
2026/06/14 21:02:30.928, 42799, 100, 298.78
2026/06/14 21:02:31.928, 42799, 100, 297.84
2026/06/14 21:02:32.929, 42799, 83, 297.02
2026/06/14 21:02:33.929, 42799, 100, 297.24
2026/06/14 21:02:34.929, 42799, 100, 297.77
2026/06/14 21:02:35.929, 42799, 100, 298.86
2026/06/14 21:02:36.930, 42799, 100, 300.37
2026/06/14 21:02:37.930, 42799, 100, 299.44
2026/06/14 21:02:38.930, 42799, 100, 296.65
2026/06/14 21:02:39.930, 42799, 100, 298.80
2026/06/14 21:02:40.931, 42799, 100, 296.53
2026/06/14 21:02:41.931, 42799, 100, 298.12
2026/06/14 21:02:42.931, 42799, 100, 299.47
2026/06/14 21:02:43.932, 42799, 100, 300.66
2026/06/14 21:02:44.932, 42799, 100, 298.67
2026/06/14 21:02:45.932, 42799, 100, 298.27
2026/06/14 21:02:46.932, 42799, 100, 297.26
2026/06/14 21:02:47.933, 42799, 100, 299.55
2026/06/14 21:02:48.933, 42799, 100, 300.45
2026/06/14 21:02:49.933, 42799, 100, 301.91
2026/06/14 21:02:50.933, 42799, 100, 301.55
2026/06/14 21:02:51.934, 42799, 100, 299.49
2026/06/14 21:02:52.934, 42799, 100, 301.81
2026/06/14 21:02:53.934, 42799, 100, 298.77
2026/06/14 21:02:54.934, 42799, 100, 299.33
2026/06/14 21:02:55.935, 42799, 100, 300.07
2026/06/14 21:02:56.935, 42799, 100, 301.08
2026/06/14 21:02:57.935, 42799, 100, 299.52
2026/06/14 21:02:58.935, 43089, 100, 296.29
2026/06/14 21:02:59.936, 43089, 100, 299.13
2026/06/14 21:03:00.936, 43089, 100, 300.08
2026/06/14 21:03:01.936, 43089, 100, 301.78
2026/06/14 21:03:02.936, 43089, 100, 301.11
2026/06/14 21:03:03.937, 43089, 100, 302.20
2026/06/14 21:03:04.937, 43089, 100, 298.41
2026/06/14 21:03:05.937, 43089, 100, 302.35
2026/06/14 21:03:06.937, 43089, 100, 300.30
2026/06/14 21:03:07.938, 43089, 100, 302.07
2026/06/14 21:03:08.938, 43089, 100, 302.08
2026/06/14 21:03:09.938, 43089, 100, 301.25
2026/06/14 21:03:10.939, 43089, 100, 300.07
2026/06/14 21:03:11.939, 43089, 100, 299.50
2026/06/14 21:03:12.939, 43089, 100, 302.01
2026/06/14 21:03:13.939, 43089, 100, 300.38
2026/06/14 21:03:14.940, 43089, 100, 302.16
2026/06/14 21:03:15.940, 43089, 100, 301.24
2026/06/14 21:03:16.940, 43089, 100, 302.75
2026/06/14 21:03:17.940, 43089, 100, 300.19
2026/06/14 21:03:18.941, 43089, 100, 303.27
2026/06/14 21:03:19.941, 43089, 100, 299.56
2026/06/14 21:03:20.941, 43089, 100, 302.63
2026/06/14 21:03:21.941, 43089, 100, 301.54
2026/06/14 21:03:22.942, 43089, 100, 302.04
2026/06/14 21:03:23.942, 43089, 100, 301.58
2026/06/14 21:03:24.942, 43089, 100, 299.95
2026/06/14 21:03:25.942, 43089, 100, 304.68
2026/06/14 21:03:26.943, 43089, 100, 301.12
2026/06/14 21:03:27.943, 43089, 100, 303.59
2026/06/14 21:03:28.943, 43089, 100, 302.90
2026/06/14 21:03:29.943, 43089, 100, 302.92
2026/06/14 21:03:30.944, 43089, 100, 300.37
2026/06/14 21:03:31.944, 43089, 100, 305.19
2026/06/14 21:03:32.944, 43089, 100, 305.02
2026/06/14 21:03:33.944, 43089, 100, 305.61
2026/06/14 21:03:34.945, 43089, 100, 306.94
2026/06/14 21:03:35.945, 43089, 100, 307.38
2026/06/14 21:03:36.945, 43089, 100, 305.20
2026/06/14 21:03:37.945, 43089, 100, 304.83
2026/06/14 21:03:38.946, 43089, 100, 307.81
2026/06/14 21:03:39.946, 43089, 100, 305.23
2026/06/14 21:03:40.946, 43089, 100, 307.31
2026/06/14 21:03:41.946, 43089, 100, 306.40
2026/06/14 21:03:42.947, 43089, 100, 307.59
2026/06/14 21:03:43.947, 43089, 100, 304.42
2026/06/14 21:03:44.947, 43089, 100, 307.05
2026/06/14 21:03:45.947, 43089, 100, 304.83
2026/06/14 21:03:46.948, 43089, 100, 306.21
2026/06/14 21:03:47.948, 43089, 100, 307.23
2026/06/14 21:03:48.949, 43089, 100, 306.97
2026/06/14 21:03:49.949, 43089, 100, 306.15
2026/06/14 21:03:50.949, 43089, 100, 309.13
2026/06/14 21:03:51.949, 43089, 100, 304.86
2026/06/14 21:03:52.950, 43089, 100, 307.35
2026/06/14 21:03:53.950, 43089, 100, 306.22
2026/06/14 21:03:54.950, 43089, 100, 308.65
2026/06/14 21:03:55.950, 43089, 100, 307.06
2026/06/14 21:03:56.951, 43089, 100, 305.96
2026/06/14 21:03:57.951, 43089, 100, 309.33
2026/06/14 21:03:58.951, 43089, 100, 305.34
2026/06/14 21:03:59.951, 43089, 100, 306.85
2026/06/14 21:04:00.952, 43089, 100, 307.91
2026/06/14 21:04:01.952, 43089, 100, 308.63
2026/06/14 21:04:02.952, 43089, 100, 306.82
2026/06/14 21:04:03.952, 43089, 100, 306.36
2026/06/14 21:04:04.953, 43089, 100, 305.88
2026/06/14 21:04:05.953, 43089, 100, 306.55
2026/06/14 21:04:06.953, 43089, 100, 308.43
2026/06/14 21:04:07.953, 43089, 100, 307.82
2026/06/14 21:04:08.954, 43089, 100, 307.84
2026/06/14 21:04:09.954, 43089, 100, 306.20
2026/06/14 21:04:10.954, 43089, 100, 310.00
2026/06/14 21:04:11.954, 43089, 100, 306.42
2026/06/14 21:04:12.955, 43089, 100, 306.77
2026/06/14 21:04:13.955, 43089, 100, 308.01
2026/06/14 21:04:14.955, 43089, 100, 307.98
2026/06/14 21:04:15.955, 43089, 100, 306.33
2026/06/14 21:04:16.956, 43089, 85, 308.77
2026/06/14 21:04:17.956, 43089, 100, 305.04
2026/06/14 21:04:18.956, 43089, 100, 307.46
2026/06/14 21:04:19.956, 43089, 100, 308.36
2026/06/14 21:04:20.957, 43089, 100, 307.87
2026/06/14 21:04:21.957, 43089, 100, 308.48
2026/06/14 21:04:22.957, 43089, 100, 306.28
2026/06/14 21:04:23.958, 43089, 100, 306.82
2026/06/14 21:04:24.958, 43089, 100, 305.68
2026/06/14 21:04:25.958, 43089, 100, 307.95
2026/06/14 21:04:26.958, 43089, 100, 307.72
2026/06/14 21:04:27.959, 43089, 100, 308.32
2026/06/14 21:04:28.959, 43089, 100, 307.45
2026/06/14 21:04:29.959, 43089, 96, 310.17
2026/06/14 21:04:30.959, 43089, 100, 305.69
2026/06/14 21:04:31.960, 43089, 100, 308.51
2026/06/14 21:04:32.960, 43089, 100, 308.06
2026/06/14 21:04:33.960, 43089, 100, 308.91
2026/06/14 21:04:34.960, 43089, 100, 307.99
2026/06/14 21:04:35.961, 43089, 100, 306.62
2026/06/14 21:04:36.961, 43089, 100, 307.97
2026/06/14 21:04:37.961, 43089, 100, 307.48
2026/06/14 21:04:38.961, 43089, 100, 308.48
2026/06/14 21:04:39.962, 43089, 100, 308.21
2026/06/14 21:04:40.962, 43089, 100, 309.11
2026/06/14 21:04:41.962, 43089, 100, 306.69
2026/06/14 21:04:42.962, 43089, 100, 308.91
2026/06/14 21:04:43.963, 43089, 100, 307.02
2026/06/14 21:04:44.963, 43089, 100, 307.39
2026/06/14 21:04:45.963, 43089, 100, 307.83
2026/06/14 21:04:46.963, 43089, 100, 308.51
2026/06/14 21:04:47.963, 43089, 100, 308.84
2026/06/14 21:04:48.964, 43089, 100, 306.21
2026/06/14 21:04:49.964, 43089, 100, 310.30
2026/06/14 21:04:50.964, 43089, 100, 306.55
2026/06/14 21:04:51.964, 43089, 100, 308.51
2026/06/14 21:04:52.965, 43089, 100, 308.64
2026/06/14 21:04:53.965, 43089, 100, 308.03
2026/06/14 21:04:54.965, 43089, 100, 305.34
2026/06/14 21:04:55.965, 43089, 100, 309.22
2026/06/14 21:04:56.966, 43089, 100, 304.93
2026/06/14 21:04:57.966, 43089, 100, 307.08
2026/06/14 21:04:58.966, 43089, 100, 307.04
2026/06/14 21:04:59.966, 43089, 100, 307.74
2026/06/14 21:05:00.967, 43089, 100, 306.59
2026/06/14 21:05:01.967, 43089, 100, 305.43
2026/06/14 21:05:02.967, 43089, 100, 306.02
2026/06/14 21:05:03.968, 43089, 100, 305.19
2026/06/14 21:05:04.968, 43089, 100, 307.21
2026/06/14 21:05:05.968, 43089, 100, 306.11
2026/06/14 21:05:06.968, 43089, 100, 307.35
2026/06/14 21:05:07.969, 43089, 100, 306.10
2026/06/14 21:05:08.969, 43089, 100, 309.18
2026/06/14 21:05:09.969, 43089, 100, 305.07
2026/06/14 21:05:10.969, 43089, 100, 306.43
2026/06/14 21:05:11.970, 43089, 100, 307.66
2026/06/14 21:05:12.970, 43089, 100, 307.69
2026/06/14 21:05:13.970, 43089, 100, 306.83
2026/06/14 21:05:14.970, 43089, 100, 305.61
2026/06/14 21:05:15.971, 43089, 100, 306.64
2026/06/14 21:05:16.971, 43089, 100, 305.48
2026/06/14 21:05:17.971, 43089, 100, 308.15
2026/06/14 21:05:18.971, 43089, 100, 307.89
2026/06/14 21:05:19.972, 43089, 100, 307.56
2026/06/14 21:05:20.972, 43089, 100, 304.98
2026/06/14 21:05:21.972, 43089, 100, 306.36
2026/06/14 21:05:22.972, 43089, 100, 305.76
2026/06/14 21:05:23.972, 43089, 100, 306.31
2026/06/14 21:05:24.973, 43089, 100, 307.38
2026/06/14 21:05:25.973, 43089, 100, 307.69
2026/06/14 21:05:26.973, 43089, 100, 307.09
2026/06/14 21:05:27.973, 43089, 100, 304.34
2026/06/14 21:05:28.974, 43089, 100, 309.04
2026/06/14 21:05:29.974, 43089, 100, 306.07
2026/06/14 21:05:30.974, 43089, 100, 307.45
2026/06/14 21:05:31.974, 43089, 100, 307.47
2026/06/14 21:05:32.975, 43089, 100, 307.12
2026/06/14 21:05:33.975, 43089, 100, 304.96
2026/06/14 21:05:34.975, 43089, 100, 309.17
2026/06/14 21:05:35.975, 43089, 100, 305.44
2026/06/14 21:05:36.976, 43089, 100, 307.72
2026/06/14 21:05:37.976, 43089, 100, 307.05
2026/06/14 21:05:38.976, 43089, 100, 308.79
2026/06/14 21:05:39.976, 43089, 100, 306.53
2026/06/14 21:05:40.977, 43089, 100, 304.93
2026/06/14 21:05:41.977, 43089, 100, 307.83
2026/06/14 21:05:42.977, 43089, 100, 306.55
2026/06/14 21:05:43.977, 43089, 100, 307.15
2026/06/14 21:05:44.978, 43089, 100, 306.63
2026/06/14 21:05:45.978, 43089, 100, 308.38
2026/06/14 21:05:46.978, 43089, 100, 306.14
2026/06/14 21:05:47.978, 43089, 100, 309.06
2026/06/14 21:05:48.979, 43089, 100, 307.34
2026/06/14 21:05:49.979, 43089, 100, 307.47
2026/06/14 21:05:50.979, 43089, 100, 308.27
2026/06/14 21:05:51.979, 43089, 100, 307.59
2026/06/14 21:05:52.980, 43089, 100, 307.36
2026/06/14 21:05:53.980, 43089, 100, 310.78
2026/06/14 21:05:54.980, 43089, 100, 304.74
2026/06/14 21:05:55.980, 43089, 100, 307.46
2026/06/14 21:05:56.981, 43089, 100, 308.11
2026/06/14 21:05:57.981, 43089, 100, 308.86
2026/06/14 21:05:58.981, 43089, 100, 307.13
2026/06/14 21:05:59.981, 43089, 100, 306.68
2026/06/14 21:06:00.982, 43089, 100, 308.09
2026/06/14 21:06:01.982, 43089, 100, 307.16
2026/06/14 21:06:02.982, 43089, 100, 308.88
2026/06/14 21:06:03.982, 43089, 100, 307.83
2026/06/14 21:06:04.983, 43089, 100, 309.45
2026/06/14 21:06:05.983, 43089, 100, 307.42
2026/06/14 21:06:06.983, 43089, 88, 309.03
2026/06/14 21:06:07.984, 43089, 100, 305.67
2026/06/14 21:06:08.984, 43089, 100, 307.92
2026/06/14 21:06:09.984, 43089, 100, 307.28
2026/06/14 21:06:10.984, 43089, 100, 309.23
2026/06/14 21:06:11.985, 43089, 100, 308.57
2026/06/14 21:06:12.985, 43089, 100, 306.61
2026/06/14 21:06:13.985, 43089, 100, 308.80
2026/06/14 21:06:14.985, 43089, 100, 307.39
2026/06/14 21:06:15.985, 43089, 100, 308.52
2026/06/14 21:06:16.986, 43089, 100, 309.23
2026/06/14 21:06:17.986, 43089, 100, 309.14
2026/06/14 21:06:18.986, 43089, 100, 307.06
2026/06/14 21:06:19.986, 43089, 96, 309.78
2026/06/14 21:06:20.987, 43089, 100, 305.23
2026/06/14 21:06:21.987, 43089, 100, 307.45
2026/06/14 21:06:22.987, 43089, 100, 307.88
2026/06/14 21:06:23.988, 43089, 100, 309.03
2026/06/14 21:06:24.988, 43089, 100, 307.39
2026/06/14 21:06:25.988, 43089, 100, 306.52
2026/06/14 21:06:26.988, 43089, 100, 310.21
2026/06/14 21:06:27.988, 43089, 100, 307.64
2026/06/14 21:06:28.989, 43089, 100, 307.75
2026/06/14 21:06:29.989, 43089, 100, 308.92
2026/06/14 21:06:30.989, 43089, 100, 308.70
2026/06/14 21:06:31.989, 43089, 100, 307.51
2026/06/14 21:06:32.990, 43089, 100, 311.82
2026/06/14 21:06:33.990, 43089, 100, 305.84
2026/06/14 21:06:34.990, 43089, 100, 307.84
2026/06/14 21:06:35.990, 43089, 100, 308.87
2026/06/14 21:06:36.991, 43089, 100, 309.19
2026/06/14 21:06:37.991, 43089, 100, 308.01
2026/06/14 21:06:38.991, 43089, 100, 305.83
2026/06/14 21:06:39.991, 43089, 100, 308.31
2026/06/14 21:06:40.991, 43089, 100, 307.05
2026/06/14 21:06:41.992, 43089, 100, 308.77
2026/06/14 21:06:42.992, 43089, 100, 307.15
2026/06/14 21:06:43.992, 43089, 100, 309.05
2026/06/14 21:06:44.992, 43089, 100, 306.18
2026/06/14 21:06:45.993, 43089, 100, 308.63
2026/06/14 21:06:46.993, 43089, 100, 305.83
2026/06/14 21:06:47.993, 43089, 100, 307.60
2026/06/14 21:06:48.993, 43089, 100, 307.61
2026/06/14 21:06:49.994, 43089, 100, 307.94
2026/06/14 21:06:50.994, 43089, 100, 308.16
2026/06/14 21:06:51.994, 43089, 100, 311.08
2026/06/14 21:06:52.994, 43089, 100, 305.97
2026/06/14 21:06:53.994, 43089, 100, 308.01
2026/06/14 21:06:54.995, 43089, 100, 308.21
2026/06/14 21:06:55.995, 43089, 100, 308.54
2026/06/14 21:06:56.995, 43089, 100, 308.61
2026/06/14 21:06:57.995, 43089, 100, 307.09
2026/06/14 21:06:58.996, 43089, 100, 310.42
2026/06/14 21:06:59.996, 43089, 100, 306.09
2026/06/14 21:07:00.996, 43089, 100, 307.55
2026/06/14 21:07:01.996, 43089, 100, 308.72
2026/06/14 21:07:02.996, 43089, 100, 309.52
2026/06/14 21:07:03.997, 43089, 100, 307.70
2026/06/14 21:07:04.997, 43089, 90, 308.36
2026/06/14 21:07:05.997, 43089, 100, 305.78
2026/06/14 21:07:06.997, 43089, 100, 307.07
2026/06/14 21:07:07.998, 43089, 100, 308.41
2026/06/14 21:07:08.998, 43089, 100, 308.54
2026/06/14 21:07:09.998, 43089, 100, 308.47
2026/06/14 21:07:10.999, 43089, 100, 307.01
2026/06/14 21:07:11.999, 43089, 100, 310.33
2026/06/14 21:07:12.999, 43089, 100, 306.15
2026/06/14 21:07:13.999, 43089, 100, 308.69
2026/06/14 21:07:15.000, 43089, 100, 308.60
2026/06/14 21:07:16.000, 43089, 100, 308.90
2026/06/14 21:07:17.000, 43089, 100, 307.21
2026/06/14 21:07:18.000, 43089, 87, 311.17
2026/06/14 21:07:19.001, 43089, 100, 306.42
2026/06/14 21:07:20.001, 43089, 100, 307.54
2026/06/14 21:07:21.001, 43089, 100, 308.60
2026/06/14 21:07:22.001, 43089, 100, 308.48
2026/06/14 21:07:23.002, 43089, 100, 309.41
2026/06/14 21:07:24.002, 43089, 100, 307.21
2026/06/14 21:07:25.002, 43089, 100, 308.03
2026/06/14 21:07:26.002, 43089, 100, 307.09
2026/06/14 21:07:27.003, 43089, 100, 308.03
2026/06/14 21:07:28.003, 43089, 100, 308.34
2026/06/14 21:07:29.003, 43089, 100, 309.99
2026/06/14 21:07:30.003, 43089, 100, 307.77
2026/06/14 21:07:31.004, 43089, 100, 309.90
2026/06/14 21:07:32.004, 43089, 100, 305.73
2026/06/14 21:07:33.004, 43089, 100, 308.12
2026/06/14 21:07:34.005, 43089, 100, 308.01
2026/06/14 21:07:35.005, 43089, 100, 309.32
2026/06/14 21:07:36.005, 43089, 100, 308.63
2026/06/14 21:07:37.005, 43089, 100, 307.56
2026/06/14 21:07:38.006, 43089, 100, 310.51
2026/06/14 21:07:39.006, 43089, 100, 307.24
2026/06/14 21:07:40.006, 43089, 100, 308.32
2026/06/14 21:07:41.007, 43089, 100, 308.34
2026/06/14 21:07:42.007, 43089, 100, 309.42
2026/06/14 21:07:43.007, 43089, 100, 307.40
2026/06/14 21:07:44.007, 43089, 100, 309.59
2026/06/14 21:07:45.008, 43089, 100, 306.81
2026/06/14 21:07:46.008, 43089, 100, 307.58
2026/06/14 21:07:47.008, 43089, 100, 308.60
2026/06/14 21:07:48.008, 43089, 100, 308.92
2026/06/14 21:07:49.009, 43089, 100, 309.36
2026/06/14 21:07:50.009, 43089, 100, 306.56
2026/06/14 21:07:51.009, 43089, 100, 308.70
2026/06/14 21:07:52.009, 43089, 100, 307.30
2026/06/14 21:07:53.010, 43089, 100, 308.50
2026/06/14 21:07:54.010, 43089, 100, 308.87
2026/06/14 21:07:55.010, 43089, 100, 309.42
2026/06/14 21:07:56.011, 43089, 100, 308.30
2026/06/14 21:07:57.011, 43089, 100, 311.93
2026/06/14 21:07:58.011, 43089, 100, 306.27
2026/06/14 21:07:59.011, 43089, 100, 308.34
2026/06/14 21:08:00.012, 43089, 100, 307.79
2026/06/14 21:08:01.012, 43089, 100, 308.64
2026/06/14 21:08:02.012, 43089, 100, 308.42
2026/06/14 21:08:03.012, 43089, 100, 307.28
2026/06/14 21:08:04.013, 43089, 100, 307.71
2026/06/14 21:08:05.013, 43089, 100, 305.56
2026/06/14 21:08:06.013, 43089, 100, 307.75
2026/06/14 21:08:07.013, 43089, 100, 307.89
2026/06/14 21:08:08.014, 43089, 100, 309.01
2026/06/14 21:08:09.014, 43089, 100, 306.83
2026/06/14 21:08:10.014, 43089, 100, 306.43
2026/06/14 21:08:11.015, 43089, 100, 308.26
2026/06/14 21:08:12.015, 43089, 100, 305.50
2026/06/14 21:08:13.015, 43089, 100, 308.61
2026/06/14 21:08:14.015, 43089, 100, 307.18
2026/06/14 21:08:15.016, 43089, 100, 308.47
2026/06/14 21:08:16.016, 43089, 100, 306.41
2026/06/14 21:08:17.016, 43089, 87, 310.50
2026/06/14 21:08:18.016, 43089, 100, 303.75
2026/06/14 21:08:19.017, 43089, 100, 306.83
2026/06/14 21:08:20.017, 43089, 100, 307.39
2026/06/14 21:08:21.017, 43089, 100, 307.87
2026/06/14 21:08:22.018, 43089, 100, 308.58
2026/06/14 21:08:23.018, 43089, 100, 306.26
2026/06/14 21:08:24.018, 43089, 100, 306.70
2026/06/14 21:08:25.018, 43089, 100, 305.29
2026/06/14 21:08:26.019, 43089, 100, 307.02
2026/06/14 21:08:27.019, 43089, 100, 307.18
2026/06/14 21:08:28.019, 43089, 100, 308.21
2026/06/14 21:08:29.019, 43089, 100, 307.73
2026/06/14 21:08:30.020, 43089, 100, 305.92
2026/06/14 21:08:31.020, 43089, 100, 306.11
2026/06/14 21:08:32.020, 43089, 100, 305.94
2026/06/14 21:08:33.021, 43089, 100, 307.61
2026/06/14 21:08:34.021, 43089, 100, 308.05
2026/06/14 21:08:35.021, 43089, 100, 307.62
2026/06/14 21:08:36.021, 43089, 100, 306.45
2026/06/14 21:08:37.022, 43089, 100, 309.61
2026/06/14 21:08:38.022, 43089, 100, 304.05
2026/06/14 21:08:39.022, 43089, 100, 306.40
2026/06/14 21:08:40.022, 43089, 100, 307.36
2026/06/14 21:08:41.023, 43089, 100, 307.44
2026/06/14 21:08:42.023, 43089, 100, 307.86
2026/06/14 21:08:43.023, 43089, 100, 306.31
2026/06/14 21:08:44.023, 43089, 100, 304.01
2026/06/14 21:08:45.024, 43089, 100, 305.86
2026/06/14 21:08:46.024, 43089, 100, 306.45
2026/06/14 21:08:47.024, 43089, 100, 307.65
2026/06/14 21:08:48.024, 43089, 100, 308.25
2026/06/14 21:08:49.025, 43089, 100, 308.07
2026/06/14 21:08:50.025, 43089, 100, 302.38
2026/06/14 21:08:51.025, 44089, 100, 320.72
2026/06/14 21:08:52.025, 44189, 100, 333.86
2026/06/14 21:08:53.026, 44529, 100, 326.58
2026/06/14 21:08:54.026, 45369, 100, 331.45
2026/06/14 21:08:55.026, 45369, 100, 329.61
2026/06/14 21:08:56.027, 45369, 100, 331.41
2026/06/14 21:08:57.027, 45369, 100, 331.54
2026/06/14 21:08:58.027, 45369, 100, 328.86
2026/06/14 21:08:59.027, 45369, 100, 333.86
2026/06/14 21:09:00.028, 45369, 100, 326.90
2026/06/14 21:09:01.028, 45369, 100, 332.92
2026/06/14 21:09:02.028, 45369, 100, 330.46
2026/06/14 21:09:03.028, 45369, 100, 329.73
2026/06/14 21:09:04.029, 45369, 100, 331.12
2026/06/14 21:09:05.029, 45369, 100, 329.04
2026/06/14 21:09:06.029, 45589, 100, 332.41
2026/06/14 21:09:07.029, 45589, 100, 326.30
2026/06/14 21:09:08.030, 45689, 100, 332.92
2026/06/14 21:09:09.030, 45689, 100, 330.27
2026/06/14 21:09:10.030, 45689, 100, 299.55
2026/06/14 21:09:11.030, 45689, 100, 285.29
2026/06/14 21:09:12.031, 45689, 100, 290.10
2026/06/14 21:09:13.031, 45689, 100, 288.34
2026/06/14 21:09:14.031, 45691, 100, 288.60
2026/06/14 21:09:15.032, 45691, 100, 290.71
2026/06/14 21:09:16.032, 45691, 100, 288.67
2026/06/14 21:09:17.032, 45691, 100, 308.18
2026/06/14 21:09:18.032, 45691, 100, 308.64
2026/06/14 21:09:19.033, 45691, 100, 309.95
2026/06/14 21:09:20.033, 45691, 100, 309.09
2026/06/14 21:09:21.033, 45691, 100, 306.91
2026/06/14 21:09:22.033, 45691, 88, 311.48
2026/06/14 21:09:23.034, 45691, 100, 306.35
2026/06/14 21:09:24.034, 45691, 100, 307.63
2026/06/14 21:09:25.034, 45691, 100, 308.40
2026/06/14 21:09:26.034, 45691, 100, 308.81
2026/06/14 21:09:27.035, 45691, 100, 307.41
2026/06/14 21:09:28.035, 45691, 100, 305.24
2026/06/14 21:09:29.035, 45691, 100, 307.76
2026/06/14 21:09:30.035, 45691, 100, 307.39
2026/06/14 21:09:31.036, 45691, 100, 308.53
2026/06/14 21:09:32.036, 45691, 100, 309.07
2026/06/14 21:09:33.036, 45691, 100, 309.20
2026/06/14 21:09:34.036, 45691, 100, 306.87
2026/06/14 21:09:35.037, 45691, 100, 307.56
2026/06/14 21:09:36.037, 45691, 100, 306.02
2026/06/14 21:09:37.037, 45691, 100, 308.16
2026/06/14 21:09:38.037, 45691, 100, 308.55
2026/06/14 21:09:39.038, 45691, 100, 308.23
2026/06/14 21:09:40.038, 45691, 100, 308.15
2026/06/14 21:09:41.038, 45691, 100, 304.62
2026/06/14 21:09:42.038, 45691, 100, 310.64
2026/06/14 21:09:43.039, 45691, 100, 307.51
2026/06/14 21:09:44.039, 45691, 100, 309.10
2026/06/14 21:09:45.039, 45691, 100, 308.29
2026/06/14 21:09:46.039, 45691, 100, 309.42
2026/06/14 21:09:47.040, 45691, 100, 306.01
2026/06/14 21:09:48.040, 45691, 100, 309.32
2026/06/14 21:09:49.040, 45691, 100, 306.09
2026/06/14 21:09:50.041, 45691, 100, 308.29
2026/06/14 21:09:51.041, 45691, 100, 308.14
2026/06/14 21:09:52.041, 45691, 100, 307.80
2026/06/14 21:09:53.041, 45691, 100, 307.63
2026/06/14 21:09:54.042, 45691, 100, 308.02
2026/06/14 21:09:55.042, 45691, 100, 306.33
2026/06/14 21:09:56.042, 45691, 100, 307.41
2026/06/14 21:09:57.042, 45691, 100, 309.17
2026/06/14 21:09:58.043, 45691, 100, 309.15
2026/06/14 21:09:59.043, 45691, 100, 307.84
2026/06/14 21:10:00.043, 45691, 100, 306.77
2026/06/14 21:10:01.043, 45691, 100, 310.75
2026/06/14 21:10:02.044, 45691, 100, 307.01
2026/06/14 21:10:03.044, 45691, 100, 307.23
2026/06/14 21:10:04.044, 45691, 100, 308.08
2026/06/14 21:10:05.045, 45691, 100, 308.24
2026/06/14 21:10:06.045, 45691, 100, 307.74
2026/06/14 21:10:07.045, 45691, 100, 307.94
2026/06/14 21:10:08.045, 45691, 100, 306.15
2026/06/14 21:10:09.046, 45691, 100, 306.82
2026/06/14 21:10:10.046, 45691, 100, 308.80
2026/06/14 21:10:11.046, 45691, 100, 307.61
2026/06/14 21:10:12.046, 45691, 100, 308.47
2026/06/14 21:10:13.047, 45691, 100, 306.26
2026/06/14 21:10:14.047, 45691, 100, 307.26
2026/06/14 21:10:15.047, 45691, 100, 305.83
2026/06/14 21:10:16.047, 45691, 100, 308.20
2026/06/14 21:10:17.048, 45691, 100, 308.76
2026/06/14 21:10:18.048, 45691, 100, 308.15
2026/06/14 21:10:19.048, 45691, 100, 306.89
2026/06/14 21:10:20.048, 45691, 86, 310.58
2026/06/14 21:10:21.049, 45691, 100, 306.08
2026/06/14 21:10:22.049, 45691, 100, 307.63
2026/06/14 21:10:23.049, 45691, 100, 308.25
2026/06/14 21:10:24.049, 45691, 100, 308.86
2026/06/14 21:10:25.050, 45691, 100, 308.81
2026/06/14 21:10:26.050, 45691, 100, 305.77
2026/06/14 21:10:27.050, 45691, 100, 310.71
2026/06/14 21:10:28.050, 45691, 100, 306.11
2026/06/14 21:10:29.051, 45691, 100, 307.36
2026/06/14 21:10:30.051, 45691, 100, 309.10
2026/06/14 21:10:31.051, 45691, 100, 309.55
2026/06/14 21:10:32.051, 45691, 100, 306.69
2026/06/14 21:10:33.052, 45691, 96, 307.64
2026/06/14 21:10:34.052, 45691, 100, 305.48
2026/06/14 21:10:35.052, 45691, 100, 307.90
2026/06/14 21:10:36.052, 45691, 100, 307.91
2026/06/14 21:10:37.053, 45691, 100, 308.57
2026/06/14 21:10:38.053, 45691, 100, 307.35
2026/06/14 21:10:39.053, 45691, 100, 306.41
2026/06/14 21:10:40.054, 45691, 100, 309.76
2026/06/14 21:10:41.054, 45691, 100, 307.04
2026/06/14 21:10:42.054, 45691, 100, 308.02
2026/06/14 21:10:43.054, 45691, 100, 307.64
2026/06/14 21:10:44.055, 45691, 100, 308.21
2026/06/14 21:10:45.055, 45691, 100, 306.37
2026/06/14 21:10:46.055, 45691, 100, 308.32
2026/06/14 21:10:47.055, 45691, 100, 305.53
2026/06/14 21:10:48.056, 45691, 100, 307.42
2026/06/14 21:10:49.056, 45691, 100, 308.79
2026/06/14 21:10:50.056, 45691, 100, 308.17
2026/06/14 21:10:51.056, 45691, 100, 308.76
2026/06/14 21:10:52.057, 45691, 100, 305.61
2026/06/14 21:10:53.057, 45691, 100, 306.82
2026/06/14 21:10:54.057, 45691, 100, 305.82
2026/06/14 21:10:55.057, 45691, 100, 308.26
2026/06/14 21:10:56.058, 45691, 100, 308.94
2026/06/14 21:10:57.058, 45691, 100, 308.61
2026/06/14 21:10:58.058, 45691, 100, 305.96
2026/06/14 21:10:59.059, 45691, 100, 310.65
2026/06/14 21:11:00.059, 45691, 100, 306.38
2026/06/14 21:11:01.059, 45691, 100, 307.92
2026/06/14 21:11:02.059, 45691, 100, 308.06
2026/06/14 21:11:03.060, 45691, 100, 308.95
2026/06/14 21:11:04.060, 45691, 100, 307.68
2026/06/14 21:11:05.060, 45691, 100, 306.62
2026/06/14 21:11:06.060, 45691, 100, 309.52
2026/06/14 21:11:07.061, 45691, 100, 306.35
2026/06/14 21:11:08.061, 45691, 100, 307.63
2026/06/14 21:11:09.061, 45691, 100, 307.56
2026/06/14 21:11:10.062, 45691, 100, 307.89
2026/06/14 21:11:11.062, 45691, 100, 306.46
2026/06/14 21:11:12.062, 45691, 100, 307.23
2026/06/14 21:11:13.062, 45691, 100, 306.72
2026/06/14 21:11:14.063, 45691, 100, 307.56
2026/06/14 21:11:15.063, 45691, 100, 307.89
2026/06/14 21:11:16.063, 45691, 100, 308.61
2026/06/14 21:11:17.063, 45691, 100, 307.78
2026/06/14 21:11:18.064, 45691, 100, 307.00
2026/06/14 21:11:19.064, 45691, 100, 310.31
2026/06/14 21:11:20.064, 45691, 100, 306.49
2026/06/14 21:11:21.064, 45691, 100, 308.23
2026/06/14 21:11:22.065, 45691, 100, 308.79
2026/06/14 21:11:23.065, 45691, 100, 307.92
2026/06/14 21:11:24.065, 45691, 100, 305.57
2026/06/14 21:11:25.065, 45691, 100, 309.09
2026/06/14 21:11:26.066, 45691, 100, 306.71
2026/06/14 21:11:27.066, 45691, 100, 306.70
2026/06/14 21:11:28.066, 45691, 100, 308.67
2026/06/14 21:11:29.066, 45691, 100, 308.45
2026/06/14 21:11:30.067, 45691, 100, 307.30
2026/06/14 21:11:31.067, 45691, 100, 306.20
2026/06/14 21:11:32.067, 45691, 100, 308.96
2026/06/14 21:11:33.067, 45691, 100, 307.67
2026/06/14 21:11:34.068, 45691, 100, 308.38
2026/06/14 21:11:35.068, 45691, 100, 308.21
2026/06/14 21:11:36.068, 45691, 100, 308.28
2026/06/14 21:11:37.068, 45691, 100, 305.80
2026/06/14 21:11:38.069, 45691, 100, 309.25
2026/06/14 21:11:39.069, 45691, 100, 306.15
2026/06/14 21:11:40.069, 45691, 100, 308.25
2026/06/14 21:11:41.070, 45691, 100, 308.18
2026/06/14 21:11:42.070, 45691, 100, 309.08
2026/06/14 21:11:43.070, 45691, 100, 306.69
2026/06/14 21:11:44.070, 45691, 100, 304.88
2026/06/14 21:11:45.071, 45691, 100, 308.36
2026/06/14 21:11:46.071, 45691, 100, 306.96
2026/06/14 21:11:47.071, 45691, 100, 308.99
2026/06/14 21:11:48.072, 45691, 100, 306.97
2026/06/14 21:11:49.072, 45691, 100, 307.75
2026/06/14 21:11:50.072, 45691, 100, 306.60
2026/06/14 21:11:51.072, 45691, 100, 309.29
2026/06/14 21:11:52.073, 45691, 100, 306.57
2026/06/14 21:11:53.073, 45691, 100, 307.02
2026/06/14 21:11:54.073, 45691, 100, 308.52
2026/06/14 21:11:55.073, 45691, 100, 308.07
2026/06/14 21:11:56.074, 45691, 100, 306.78
2026/06/14 21:11:57.074, 45691, 100, 308.00
2026/06/14 21:11:58.074, 45691, 100, 304.58
2026/06/14 21:11:59.074, 45691, 100, 306.57
2026/06/14 21:12:00.075, 45691, 100, 308.30
2026/06/14 21:12:01.075, 45691, 100, 307.66
2026/06/14 21:12:02.075, 45691, 100, 307.39
2026/06/14 21:12:03.076, 45691, 100, 305.89
2026/06/14 21:12:04.076, 45691, 100, 308.98
2026/06/14 21:12:05.076, 45691, 100, 306.58
2026/06/14 21:12:06.076, 45691, 100, 307.44
2026/06/14 21:12:07.077, 45691, 100, 307.90
2026/06/14 21:12:08.077, 45691, 100, 308.07
2026/06/14 21:12:09.077, 45691, 100, 307.41
2026/06/14 21:12:10.077, 45691, 100, 309.60
2026/06/14 21:12:11.078, 45691, 100, 305.74
2026/06/14 21:12:12.078, 45691, 100, 306.69
2026/06/14 21:12:13.078, 45691, 100, 308.20
2026/06/14 21:12:14.078, 45691, 100, 309.25
2026/06/14 21:12:15.079, 45691, 100, 308.01
2026/06/14 21:12:16.079, 45691, 100, 307.37
2026/06/14 21:12:17.079, 45691, 100, 309.10
2026/06/14 21:12:18.079, 45691, 100, 305.92
2026/06/14 21:12:19.080, 45691, 100, 308.44
2026/06/14 21:12:20.080, 45691, 100, 308.03
2026/06/14 21:12:21.080, 45691, 100, 309.19
2026/06/14 21:12:22.080, 45691, 100, 306.62
2026/06/14 21:12:23.081, 45691, 96, 310.77
2026/06/14 21:12:24.081, 45691, 100, 305.23
2026/06/14 21:12:25.081, 45691, 100, 308.10
2026/06/14 21:12:26.081, 45691, 100, 308.01
2026/06/14 21:12:27.082, 45691, 100, 308.12
2026/06/14 21:12:28.082, 45691, 100, 308.74
2026/06/14 21:12:29.082, 45691, 100, 306.24
2026/06/14 21:12:30.083, 45691, 100, 306.28
2026/06/14 21:12:31.083, 45691, 100, 307.42
2026/06/14 21:12:32.083, 45691, 100, 308.50
2026/06/14 21:12:33.083, 45691, 100, 308.01
2026/06/14 21:12:34.084, 45691, 100, 308.37
2026/06/14 21:12:35.084, 45691, 100, 307.40
2026/06/14 21:12:36.084, 45691, 100, 310.44
2026/06/14 21:12:37.084, 45691, 100, 304.93
2026/06/14 21:12:38.085, 45691, 100, 306.76
2026/06/14 21:12:39.085, 45691, 100, 307.40
2026/06/14 21:12:40.085, 45691, 100, 308.45
2026/06/14 21:12:41.085, 45691, 100, 307.64
2026/06/14 21:12:42.086, 45691, 100, 305.17
2026/06/14 21:12:43.086, 45691, 100, 308.16
2026/06/14 21:12:44.086, 45691, 100, 306.66
2026/06/14 21:12:45.086, 45691, 100, 308.43
2026/06/14 21:12:46.087, 45691, 100, 307.27
2026/06/14 21:12:47.087, 45691, 100, 308.65
2026/06/14 21:12:48.087, 45691, 100, 306.76
2026/06/14 21:12:49.087, 45691, 100, 308.16
2026/06/14 21:12:50.088, 45691, 100, 304.92
2026/06/14 21:12:51.088, 45691, 100, 308.19
2026/06/14 21:12:52.088, 45691, 100, 308.55
2026/06/14 21:12:53.088, 45691, 100, 307.93
2026/06/14 21:12:54.089, 45691, 100, 307.38
2026/06/14 21:12:55.089, 45691, 100, 310.04
2026/06/14 21:12:56.089, 45691, 100, 305.41
2026/06/14 21:12:57.089, 45691, 100, 306.80
2026/06/14 21:12:58.090, 45691, 100, 308.05
2026/06/14 21:12:59.090, 45691, 100, 307.74
2026/06/14 21:13:00.090, 45691, 100, 308.55
2026/06/14 21:13:01.090, 45691, 100, 306.27
2026/06/14 21:13:02.091, 45691, 100, 310.80
2026/06/14 21:13:03.091, 45691, 100, 305.39
2026/06/14 21:13:04.091, 45691, 100, 307.87
2026/06/14 21:13:05.091, 45691, 100, 308.55
2026/06/14 21:13:06.092, 45691, 100, 308.96
2026/06/14 21:13:07.092, 45691, 100, 307.52
2026/06/14 21:13:08.092, 45691, 96, 307.89
2026/06/14 21:13:09.092, 45691, 100, 305.94
2026/06/14 21:13:10.093, 45691, 100, 307.04
2026/06/14 21:13:11.093, 45691, 100, 308.05
2026/06/14 21:13:12.093, 45691, 100, 308.52
2026/06/14 21:13:13.093, 45691, 100, 308.47
2026/06/14 21:13:14.094, 45691, 100, 307.30
2026/06/14 21:13:15.094, 45691, 100, 310.10
2026/06/14 21:13:16.094, 45691, 100, 306.73
2026/06/14 21:13:17.095, 45691, 100, 306.82
2026/06/14 21:13:18.095, 45691, 100, 308.31
2026/06/14 21:13:19.095, 45691, 100, 309.23
2026/06/14 21:13:20.095, 45691, 100, 307.29
2026/06/14 21:13:21.096, 45691, 85, 309.94
2026/06/14 21:13:22.096, 45691, 100, 306.67
2026/06/14 21:13:23.096, 45691, 100, 306.51
2026/06/14 21:13:24.096, 45691, 100, 308.28
2026/06/14 21:13:25.097, 45691, 100, 307.93
2026/06/14 21:13:26.097, 45691, 100, 308.64
2026/06/14 21:13:27.097, 45691, 100, 305.90
2026/06/14 21:13:28.097, 45691, 100, 307.91
2026/06/14 21:13:29.098, 45691, 100, 306.30
2026/06/14 21:13:30.098, 45691, 100, 307.67
2026/06/14 21:13:31.098, 45691, 100, 307.99
2026/06/14 21:13:32.098, 45691, 100, 308.74
2026/06/14 21:13:33.099, 45691, 100, 306.12
2026/06/14 21:13:34.099, 45691, 96, 311.33
2026/06/14 21:13:35.099, 45691, 100, 304.42
2026/06/14 21:13:36.100, 45691, 100, 308.30
2026/06/14 21:13:37.100, 45691, 100, 307.32
2026/06/14 21:13:38.100, 45691, 100, 308.55
2026/06/14 21:13:39.100, 45691, 100, 308.43
2026/06/14 21:13:40.101, 45691, 100, 306.02
2026/06/14 21:13:41.101, 45691, 100, 310.36
2026/06/14 21:13:42.101, 45691, 100, 307.35
2026/06/14 21:13:43.101, 45691, 100, 308.38
2026/06/14 21:13:44.102, 45691, 100, 307.92
2026/06/14 21:13:45.102, 45691, 100, 309.35
2026/06/14 21:13:46.102, 45691, 100, 307.75
2026/06/14 21:13:47.102, 45691, 100, 308.86
2026/06/14 21:13:48.103, 45691, 100, 305.06
2026/06/14 21:13:49.103, 45691, 100, 308.31
2026/06/14 21:13:50.103, 45691, 100, 307.95
2026/06/14 21:13:51.103, 45691, 100, 308.86
2026/06/14 21:13:52.104, 45691, 100, 307.74
2026/06/14 21:13:53.104, 45691, 100, 306.93
2026/06/14 21:13:54.104, 45691, 100, 307.63
2026/06/14 21:13:55.104, 45691, 100, 307.07
2026/06/14 21:13:56.105, 45691, 100, 308.01
2026/06/14 21:13:57.105, 45691, 100, 308.17
2026/06/14 21:13:58.105, 45691, 100, 308.89
2026/06/14 21:13:59.105, 45691, 100, 306.09
2026/06/14 21:14:00.106, 45691, 100, 310.90
2026/06/14 21:14:01.106, 45691, 100, 305.82
2026/06/14 21:14:02.106, 45691, 100, 308.34
2026/06/14 21:14:03.106, 45691, 100, 308.38
2026/06/14 21:14:04.107, 45691, 100, 307.87
2026/06/14 21:14:05.107, 45691, 100, 308.85
2026/06/14 21:14:06.107, 45691, 100, 306.25
2026/06/14 21:14:07.108, 45691, 100, 309.49
2026/06/14 21:14:08.108, 45691, 100, 306.35
2026/06/14 21:14:09.108, 45691, 100, 308.56
2026/06/14 21:14:10.108, 45691, 100, 308.00
2026/06/14 21:14:11.109, 45691, 100, 308.72
2026/06/14 21:14:12.109, 45691, 100, 306.58
2026/06/14 21:14:13.109, 45691, 100, 309.23
2026/06/14 21:14:14.109, 45691, 100, 305.49
2026/06/14 21:14:15.110, 45691, 100, 307.63
2026/06/14 21:14:16.110, 45691, 100, 307.56
2026/06/14 21:14:17.110, 45691, 100, 308.46
2026/06/14 21:14:18.110, 45691, 100, 307.95
2026/06/14 21:14:19.111, 45691, 100, 307.16
2026/06/14 21:14:20.111, 45691, 100, 309.18
2026/06/14 21:14:21.111, 45691, 100, 307.35
2026/06/14 21:14:22.111, 45691, 100, 308.01
2026/06/14 21:14:23.112, 45691, 100, 307.91
2026/06/14 21:14:24.112, 45691, 100, 308.20
2026/06/14 21:14:25.112, 45691, 100, 307.66
2026/06/14 21:14:26.112, 45691, 100, 308.98
2026/06/14 21:14:27.113, 45691, 100, 306.74
2026/06/14 21:14:28.113, 45691, 100, 306.24
2026/06/14 21:14:29.113, 45691, 100, 308.44
2026/06/14 21:14:30.113, 45691, 100, 308.65
2026/06/14 21:14:31.114, 45691, 100, 308.86
2026/06/14 21:14:32.114, 45691, 100, 305.86
2026/06/14 21:14:33.114, 45691, 100, 306.13
2026/06/14 21:14:34.114, 45691, 100, 306.63
2026/06/14 21:14:35.115, 45691, 100, 308.05
2026/06/14 21:14:36.115, 45691, 100, 307.61
2026/06/14 21:14:37.115, 45691, 100, 307.95
2026/06/14 21:14:38.115, 45691, 100, 306.33
2026/06/14 21:14:39.116, 45691, 100, 309.06
2026/06/14 21:14:40.116, 45691, 100, 305.81
2026/06/14 21:14:41.116, 45691, 100, 307.49
2026/06/14 21:14:42.116, 45691, 100, 307.27
2026/06/14 21:14:43.116, 45691, 100, 308.60
2026/06/14 21:14:44.117, 45691, 100, 307.85
2026/06/14 21:14:45.117, 45691, 100, 306.82
2026/06/14 21:14:46.117, 45691, 100, 307.81
2026/06/14 21:14:47.117, 45691, 100, 306.55
2026/06/14 21:14:48.118, 45691, 100, 307.84
2026/06/14 21:14:49.118, 45691, 100, 307.67
2026/06/14 21:14:50.118, 45691, 100, 308.47
2026/06/14 21:14:51.118, 45691, 100, 306.70
2026/06/14 21:14:52.119, 45691, 100, 308.02
2026/06/14 21:14:53.119, 45691, 100, 305.26
2026/06/14 21:14:54.119, 45691, 100, 306.19
2026/06/14 21:14:55.119, 45691, 100, 307.38
2026/06/14 21:14:56.120, 45691, 100, 308.10
2026/06/14 21:14:57.120, 45691, 100, 307.93
2026/06/14 21:14:58.120, 45691, 100, 305.63
2026/06/14 21:14:59.120, 45691, 100, 308.23
2026/06/14 21:15:00.121, 45691, 100, 306.06
2026/06/14 21:15:01.121, 45691, 100, 306.96
2026/06/14 21:15:02.121, 45691, 100, 307.40
2026/06/14 21:15:03.121, 45691, 100, 307.91
2026/06/14 21:15:04.122, 45691, 100, 307.35
2026/06/14 21:15:05.122, 45691, 100, 309.37
2026/06/14 21:15:06.122, 45691, 100, 304.30
2026/06/14 21:15:07.122, 45691, 100, 307.00
2026/06/14 21:15:08.123, 45691, 100, 307.51
2026/06/14 21:15:09.123, 45691, 100, 308.10
2026/06/14 21:15:10.123, 45691, 100, 307.74
2026/06/14 21:15:11.124, 45691, 100, 307.02
2026/06/14 21:15:12.124, 45691, 100, 309.39
2026/06/14 21:15:13.124, 45691, 100, 304.92
2026/06/14 21:15:14.124, 45691, 100, 307.28
2026/06/14 21:15:15.125, 45691, 100, 307.26
2026/06/14 21:15:16.125, 45691, 100, 308.08
2026/06/14 21:15:17.125, 45691, 100, 307.55
2026/06/14 21:15:18.125, 45691, 100, 306.28
2026/06/14 21:15:19.126, 45691, 100, 308.82
2026/06/14 21:15:20.126, 45691, 100, 306.63
2026/06/14 21:15:21.126, 45691, 100, 307.42
2026/06/14 21:15:22.126, 45691, 100, 307.99
2026/06/14 21:15:23.127, 45691, 100, 309.15
2026/06/14 21:15:24.127, 45691, 100, 306.99
2026/06/14 21:15:25.127, 45691, 86, 308.96
2026/06/14 21:15:26.127, 45691, 100, 303.41
2026/06/14 21:15:27.128, 45691, 100, 307.56
2026/06/14 21:15:28.128, 45691, 100, 307.25
2026/06/14 21:15:29.128, 45691, 100, 308.86
2026/06/14 21:15:30.128, 45691, 100, 308.13
2026/06/14 21:15:31.128, 45691, 100, 306.88
2026/06/14 21:15:32.129, 45691, 100, 309.38
2026/06/14 21:15:33.129, 45691, 100, 304.28
2026/06/14 21:15:34.129, 45691, 99, 306.90
2026/06/14 21:15:35.129, 45691, 100, 307.53
2026/06/14 21:15:36.130, 45691, 100, 308.65
2026/06/14 21:15:37.130, 45691, 100, 308.08
2026/06/14 21:15:38.130, 45691, 100, 307.29
2026/06/14 21:15:39.130, 45691, 100, 306.39
2026/06/14 21:15:40.131, 45691, 100, 305.59
2026/06/14 21:15:41.131, 45691, 100, 307.68
2026/06/14 21:15:42.131, 45691, 100, 306.89
2026/06/14 21:15:43.131, 45691, 100, 309.31
2026/06/14 21:15:44.132, 45691, 100, 306.79
2026/06/14 21:15:45.132, 45691, 100, 303.12
2026/06/14 21:15:46.132, 45691, 100, 329.19
2026/06/14 21:15:47.132, 45691, 100, 328.21
2026/06/14 21:15:48.132, 45691, 100, 332.56
2026/06/14 21:15:49.133, 45691, 100, 328.85
2026/06/14 21:15:50.133, 45691, 100, 332.44
2026/06/14 21:15:51.133, 45691, 100, 328.87
2026/06/14 21:15:52.133, 45691, 100, 330.15
2026/06/14 21:15:53.134, 45691, 100, 330.24
2026/06/14 21:15:54.134, 45691, 100, 330.11
2026/06/14 21:15:55.134, 45691, 100, 335.22
2026/06/14 21:15:56.134, 45691, 100, 325.83
2026/06/14 21:15:57.134, 45691, 100, 332.02
2026/06/14 21:15:58.135, 45691, 100, 330.00
2026/06/14 21:15:59.135, 45691, 100, 331.18
2026/06/14 21:16:00.135, 45691, 100, 332.59
2026/06/14 21:16:01.135, 45691, 100, 329.23
2026/06/14 21:16:02.136, 45691, 100, 333.88
2026/06/14 21:16:03.136, 45831, 100, 326.70
2026/06/14 21:16:04.136, 45831, 100, 319.21
2026/06/14 21:16:05.137, 45831, 0, 125.74
2026/06/14 21:16:06.137, 45831, 0, 125.01
2026/06/14 21:16:07.137, 45831, 0, 124.96
2026/06/14 21:16:08.138, 45543, 0, 124.52
