2026/06/13 14:50:53.878, 0, 0, 73.24
2026/06/13 14:50:54.887, 0, 0, 73.28
2026/06/13 14:50:55.887, 0, 0, 73.31
2026/06/13 14:50:56.888, 0, 0, 73.30
2026/06/13 14:50:57.888, 0, 0, 73.25
2026/06/13 14:50:58.888, 0, 0, 73.23
2026/06/13 14:50:59.888, 0, 0, 73.27
2026/06/13 14:51:00.888, 0, 0, 73.31
2026/06/13 14:51:01.889, 0, 0, 73.21
2026/06/13 14:51:02.889, 0, 0, 73.29
2026/06/13 14:51:03.889, 0, 0, 73.35
2026/06/13 14:51:04.889, 0, 0, 73.32
2026/06/13 14:51:05.889, 4, 0, 73.30
2026/06/13 14:51:06.894, 385, 0, 116.48
2026/06/13 14:51:07.895, 385, 0, 119.17
2026/06/13 14:51:08.895, 385, 0, 119.16
2026/06/13 14:51:09.895, 3087, 0, 119.25
2026/06/13 14:51:10.895, 3509, 3, 119.35
2026/06/13 14:51:11.895, 5029, 4, 119.53
2026/06/13 14:51:12.896, 18931, 0, 120.77
2026/06/13 14:51:13.896, 30689, 14, 136.03
2026/06/13 14:51:14.896, 30689, 14, 120.39
2026/06/13 14:51:15.896, 30689, 15, 120.41
2026/06/13 14:51:16.896, 30689, 4, 120.24
2026/06/13 14:51:17.897, 30689, 0, 120.40
2026/06/13 14:51:18.897, 34383, 25, 126.70
2026/06/13 14:51:19.897, 42707, 100, 269.53
2026/06/13 14:51:20.897, 42709, 100, 278.32
2026/06/13 14:51:21.897, 42711, 100, 272.86
2026/06/13 14:51:22.898, 42711, 100, 279.97
2026/06/13 14:51:23.898, 42713, 100, 277.67
2026/06/13 14:51:24.898, 42713, 77, 260.13
2026/06/13 14:51:25.898, 42713, 0, 120.42
2026/06/13 14:51:26.898, 42777, 0, 130.49
2026/06/13 14:51:27.899, 42777, 0, 120.22
2026/06/13 14:51:28.899, 42777, 100, 269.48
2026/06/13 14:51:29.899, 42777, 100, 297.44
2026/06/13 14:51:30.899, 42779, 100, 297.47
2026/06/13 14:51:31.899, 42779, 100, 298.60
2026/06/13 14:51:32.900, 42779, 100, 298.47
2026/06/13 14:51:33.900, 42779, 100, 296.90
2026/06/13 14:51:34.900, 42779, 0, 252.57
2026/06/13 14:51:35.900, 42779, 100, 182.72
2026/06/13 14:51:36.900, 42779, 100, 295.90
2026/06/13 14:51:37.901, 42779, 100, 297.08
2026/06/13 14:51:38.901, 42779, 100, 298.54
2026/06/13 14:51:39.901, 42779, 100, 299.34
2026/06/13 14:51:40.901, 42779, 100, 299.37
2026/06/13 14:51:41.901, 42779, 100, 296.05
2026/06/13 14:51:42.902, 42779, 100, 296.89
2026/06/13 14:51:43.902, 42779, 100, 297.55
2026/06/13 14:51:44.902, 42779, 100, 299.76
2026/06/13 14:51:45.902, 42779, 100, 299.08
2026/06/13 14:51:46.902, 42779, 100, 300.46
2026/06/13 14:51:47.903, 42779, 100, 299.67
2026/06/13 14:51:48.903, 42779, 100, 300.27
2026/06/13 14:51:49.903, 42779, 100, 297.56
2026/06/13 14:51:50.903, 42779, 100, 298.90
2026/06/13 14:51:51.904, 42779, 100, 301.36
2026/06/13 14:51:52.904, 42779, 100, 301.85
2026/06/13 14:51:53.904, 42779, 100, 299.85
2026/06/13 14:51:54.904, 42779, 100, 297.31
2026/06/13 14:51:55.904, 42779, 100, 300.66
2026/06/13 14:51:56.905, 42779, 100, 299.71
2026/06/13 14:51:57.905, 42779, 100, 300.79
2026/06/13 14:51:58.905, 42779, 100, 301.04
2026/06/13 14:51:59.905, 42779, 100, 300.08
2026/06/13 14:52:00.905, 42779, 100, 299.97
2026/06/13 14:52:01.906, 42779, 100, 301.99
2026/06/13 14:52:02.906, 42779, 100, 297.44
2026/06/13 14:52:03.906, 42779, 100, 299.50
2026/06/13 14:52:04.906, 42779, 100, 300.03
2026/06/13 14:52:05.906, 42779, 100, 300.77
2026/06/13 14:52:06.906, 42779, 100, 299.43
2026/06/13 14:52:07.907, 42779, 100, 297.67
2026/06/13 14:52:08.907, 43069, 100, 294.93
2026/06/13 14:52:09.907, 43069, 100, 300.62
2026/06/13 14:52:10.907, 43069, 100, 301.71
2026/06/13 14:52:11.907, 43069, 100, 301.77
2026/06/13 14:52:12.908, 43069, 100, 303.54
2026/06/13 14:52:13.908, 43069, 100, 300.04
2026/06/13 14:52:14.908, 43069, 95, 300.43
2026/06/13 14:52:15.908, 43069, 100, 300.73
2026/06/13 14:52:16.909, 43069, 100, 301.41
2026/06/13 14:52:17.909, 43069, 100, 302.71
2026/06/13 14:52:18.909, 43069, 100, 301.69
2026/06/13 14:52:19.909, 43069, 100, 302.19
2026/06/13 14:52:20.909, 43069, 100, 299.95
2026/06/13 14:52:21.910, 43069, 100, 302.59
2026/06/13 14:52:22.910, 43069, 100, 300.88
2026/06/13 14:52:23.910, 43069, 100, 302.67
2026/06/13 14:52:24.910, 43069, 100, 301.89
2026/06/13 14:52:25.910, 43069, 100, 303.39
2026/06/13 14:52:26.911, 43069, 100, 300.68
2026/06/13 14:52:27.911, 43069, 84, 302.86
2026/06/13 14:52:28.911, 43069, 100, 300.71
2026/06/13 14:52:29.911, 43069, 100, 301.29
2026/06/13 14:52:30.911, 43069, 100, 302.68
2026/06/13 14:52:31.912, 43069, 100, 304.03
2026/06/13 14:52:32.912, 43069, 100, 302.61
2026/06/13 14:52:33.912, 43069, 100, 300.36
2026/06/13 14:52:34.912, 43069, 100, 305.80
2026/06/13 14:52:35.912, 43069, 100, 300.69
2026/06/13 14:52:36.913, 43069, 100, 304.48
2026/06/13 14:52:37.913, 43069, 100, 303.02
2026/06/13 14:52:38.913, 43069, 100, 304.10
2026/06/13 14:52:39.913, 43069, 100, 301.77
2026/06/13 14:52:40.913, 43069, 85, 305.33
2026/06/13 14:52:41.914, 43069, 100, 301.36
2026/06/13 14:52:42.914, 43069, 100, 302.58
2026/06/13 14:52:43.914, 43069, 100, 302.70
2026/06/13 14:52:44.914, 43069, 100, 304.12
2026/06/13 14:52:45.914, 43069, 100, 304.63
2026/06/13 14:52:46.915, 43069, 100, 300.49
2026/06/13 14:52:47.915, 43069, 100, 304.71
2026/06/13 14:52:48.915, 43069, 100, 302.49
2026/06/13 14:52:49.915, 43069, 100, 303.67
2026/06/13 14:52:50.915, 43069, 100, 303.72
2026/06/13 14:52:51.916, 43069, 100, 303.75
2026/06/13 14:52:52.916, 43069, 100, 301.93
2026/06/13 14:52:53.916, 43069, 91, 306.27
2026/06/13 14:52:54.916, 43069, 100, 301.37
2026/06/13 14:52:55.916, 43069, 100, 303.54
2026/06/13 14:52:56.917, 43069, 100, 304.13
2026/06/13 14:52:57.917, 43069, 100, 304.14
2026/06/13 14:52:58.917, 43069, 100, 304.45
2026/06/13 14:52:59.917, 43069, 100, 300.84
2026/06/13 14:53:00.917, 43069, 100, 304.28
2026/06/13 14:53:01.918, 43069, 100, 302.07
2026/06/13 14:53:02.918, 43069, 100, 304.24
2026/06/13 14:53:03.918, 43069, 100, 304.45
2026/06/13 14:53:04.918, 43069, 100, 304.17
2026/06/13 14:53:05.918, 43069, 100, 304.70
2026/06/13 14:53:06.919, 43069, 100, 303.77
2026/06/13 14:53:07.919, 43069, 100, 300.90
2026/06/13 14:53:08.919, 43069, 100, 304.06
2026/06/13 14:53:09.919, 43069, 100, 304.12
2026/06/13 14:53:10.919, 43069, 100, 304.85
2026/06/13 14:53:11.920, 43069, 100, 304.04
2026/06/13 14:53:12.920, 43069, 100, 302.08
2026/06/13 14:53:13.920, 43069, 100, 305.02
2026/06/13 14:53:14.920, 43069, 100, 303.62
2026/06/13 14:53:15.920, 43069, 100, 303.30
2026/06/13 14:53:16.921, 43069, 100, 305.52
2026/06/13 14:53:17.921, 43069, 100, 306.52
2026/06/13 14:53:18.921, 43069, 100, 303.22
2026/06/13 14:53:19.921, 43069, 85, 305.48
2026/06/13 14:53:20.922, 43069, 100, 304.27
2026/06/13 14:53:21.922, 43069, 100, 304.42
2026/06/13 14:53:22.922, 43069, 100, 304.30
2026/06/13 14:53:23.922, 43069, 100, 305.11
2026/06/13 14:53:24.922, 43069, 100, 304.47
2026/06/13 14:53:25.922, 43069, 100, 302.32
2026/06/13 14:53:26.923, 43069, 100, 306.58
2026/06/13 14:53:27.923, 43069, 100, 303.17
2026/06/13 14:53:28.923, 43069, 100, 305.34
2026/06/13 14:53:29.923, 43069, 100, 304.52
2026/06/13 14:53:30.923, 43069, 100, 305.68
2026/06/13 14:53:31.924, 43069, 100, 304.26
2026/06/13 14:53:32.924, 43069, 91, 302.45
2026/06/13 14:53:33.924, 43069, 100, 306.38
2026/06/13 14:53:34.924, 43069, 100, 304.25
2026/06/13 14:53:35.924, 43069, 100, 304.95
2026/06/13 14:53:36.924, 43069, 100, 304.93
2026/06/13 14:53:37.925, 43069, 100, 305.35
2026/06/13 14:53:38.925, 43069, 100, 303.26
2026/06/13 14:53:39.925, 43069, 100, 304.51
2026/06/13 14:53:40.925, 43069, 100, 303.52
2026/06/13 14:53:41.925, 43069, 100, 304.79
2026/06/13 14:53:42.926, 43069, 100, 304.50
2026/06/13 14:53:43.926, 43069, 100, 306.67
2026/06/13 14:53:44.926, 43069, 100, 303.74
2026/06/13 14:53:45.926, 43069, 100, 303.99
2026/06/13 14:53:46.926, 43069, 100, 304.79
2026/06/13 14:53:47.926, 43069, 100, 305.09
2026/06/13 14:53:48.927, 43069, 100, 304.25
2026/06/13 14:53:49.927, 43069, 100, 305.73
2026/06/13 14:53:50.927, 43069, 100, 304.93
2026/06/13 14:53:51.927, 43069, 100, 303.65
2026/06/13 14:53:52.927, 43069, 100, 306.31
2026/06/13 14:53:53.928, 43069, 100, 302.90
2026/06/13 14:53:54.928, 43069, 100, 305.90
2026/06/13 14:53:55.928, 43069, 100, 305.43
2026/06/13 14:53:56.928, 43069, 100, 306.13
2026/06/13 14:53:57.928, 43069, 100, 304.91
2026/06/13 14:53:58.929, 43069, 100, 302.68
2026/06/13 14:53:59.929, 43069, 100, 307.75
2026/06/13 14:54:00.929, 43069, 100, 304.42
2026/06/13 14:54:01.929, 43069, 100, 305.49
2026/06/13 14:54:02.930, 43069, 100, 305.99
2026/06/13 14:54:03.930, 43069, 100, 306.45
2026/06/13 14:54:04.930, 43069, 100, 302.96
2026/06/13 14:54:05.930, 43069, 100, 309.73
2026/06/13 14:54:06.930, 43069, 100, 307.48
2026/06/13 14:54:07.931, 43069, 100, 309.34
2026/06/13 14:54:08.931, 43069, 100, 309.27
2026/06/13 14:54:09.931, 43069, 100, 310.28
2026/06/13 14:54:10.931, 43069, 100, 308.91
2026/06/13 14:54:11.931, 43069, 100, 307.46
2026/06/13 14:54:12.932, 43069, 100, 310.83
2026/06/13 14:54:13.932, 43069, 100, 308.75
2026/06/13 14:54:14.932, 43069, 100, 309.20
2026/06/13 14:54:15.932, 43069, 100, 310.02
2026/06/13 14:54:16.932, 43069, 100, 309.69
2026/06/13 14:54:17.933, 43069, 100, 307.37
2026/06/13 14:54:18.933, 43069, 100, 307.48
2026/06/13 14:54:19.933, 43069, 100, 308.08
2026/06/13 14:54:20.933, 43069, 100, 308.90
2026/06/13 14:54:21.933, 43069, 100, 309.51
2026/06/13 14:54:22.933, 43069, 100, 309.90
2026/06/13 14:54:23.934, 43069, 100, 308.63
2026/06/13 14:54:24.934, 43069, 91, 310.92
2026/06/13 14:54:25.934, 43069, 100, 309.62
2026/06/13 14:54:26.934, 43069, 100, 308.05
2026/06/13 14:54:27.934, 43069, 100, 310.34
2026/06/13 14:54:28.935, 43069, 100, 309.43
2026/06/13 14:54:29.935, 43069, 100, 308.98
2026/06/13 14:54:30.935, 43069, 100, 307.14
2026/06/13 14:54:31.935, 43069, 100, 310.98
2026/06/13 14:54:32.935, 43069, 100, 309.38
2026/06/13 14:54:33.936, 43069, 100, 308.65
2026/06/13 14:54:34.936, 43069, 100, 310.06
2026/06/13 14:54:35.936, 43069, 100, 310.27
2026/06/13 14:54:36.936, 43069, 100, 308.33
2026/06/13 14:54:37.936, 43069, 92, 309.13
2026/06/13 14:54:38.937, 43069, 100, 307.21
2026/06/13 14:54:39.937, 43069, 100, 307.89
2026/06/13 14:54:40.937, 43069, 100, 309.85
2026/06/13 14:54:41.937, 43069, 100, 310.43
2026/06/13 14:54:42.937, 43069, 100, 309.55
2026/06/13 14:54:43.938, 43069, 100, 306.96
2026/06/13 14:54:44.938, 43069, 100, 312.30
2026/06/13 14:54:45.938, 43069, 100, 307.54
2026/06/13 14:54:46.938, 43069, 100, 309.89
2026/06/13 14:54:47.938, 43069, 100, 309.56
2026/06/13 14:54:48.939, 43069, 100, 310.24
2026/06/13 14:54:49.939, 43069, 100, 308.42
2026/06/13 14:54:50.939, 43069, 100, 311.41
2026/06/13 14:54:51.939, 43069, 100, 306.53
2026/06/13 14:54:52.939, 43069, 100, 308.50
2026/06/13 14:54:53.939, 43069, 100, 310.63
2026/06/13 14:54:54.940, 43069, 100, 309.48
2026/06/13 14:54:55.940, 43069, 100, 309.32
2026/06/13 14:54:56.940, 43069, 100, 307.30
2026/06/13 14:54:57.940, 43069, 100, 308.56
2026/06/13 14:54:58.940, 43069, 100, 308.75
2026/06/13 14:54:59.941, 43069, 100, 309.61
2026/06/13 14:55:00.941, 43069, 100, 310.26
2026/06/13 14:55:01.941, 43069, 100, 309.83
2026/06/13 14:55:02.941, 43069, 100, 308.86
2026/06/13 14:55:03.941, 43069, 100, 312.47
2026/06/13 14:55:04.942, 43069, 100, 307.34
2026/06/13 14:55:05.942, 43069, 100, 309.09
2026/06/13 14:55:06.942, 43069, 100, 309.41
2026/06/13 14:55:07.942, 43069, 100, 310.75
2026/06/13 14:55:08.942, 43069, 100, 309.42
2026/06/13 14:55:09.942, 43069, 100, 307.35
2026/06/13 14:55:10.943, 43069, 100, 309.16
2026/06/13 14:55:11.943, 43069, 100, 309.21
2026/06/13 14:55:12.943, 43069, 100, 309.95
2026/06/13 14:55:13.943, 43069, 100, 310.10
2026/06/13 14:55:14.943, 43069, 100, 309.95
2026/06/13 14:55:15.944, 43069, 100, 308.74
2026/06/13 14:55:16.944, 43069, 100, 309.83
2026/06/13 14:55:17.944, 43069, 100, 307.43
2026/06/13 14:55:18.944, 43069, 100, 310.55
2026/06/13 14:55:19.944, 43069, 100, 309.61
2026/06/13 14:55:20.945, 43069, 100, 310.62
2026/06/13 14:55:21.945, 43069, 100, 309.76
2026/06/13 14:55:22.945, 43069, 100, 308.82
2026/06/13 14:55:23.945, 43069, 100, 310.61
2026/06/13 14:55:24.945, 43069, 100, 309.17
2026/06/13 14:55:25.946, 43069, 100, 309.98
2026/06/13 14:55:26.946, 43069, 100, 309.91
2026/06/13 14:55:27.946, 43069, 100, 311.01
2026/06/13 14:55:28.946, 43069, 100, 308.08
2026/06/13 14:55:29.946, 43069, 100, 309.82
2026/06/13 14:55:30.947, 43069, 100, 308.12
2026/06/13 14:55:31.947, 43069, 100, 308.90
2026/06/13 14:55:32.947, 43069, 100, 310.53
2026/06/13 14:55:33.947, 43069, 100, 310.68
2026/06/13 14:55:34.948, 43069, 100, 308.70
2026/06/13 14:55:35.948, 43069, 84, 311.97
2026/06/13 14:55:36.948, 43069, 100, 307.67
2026/06/13 14:55:37.948, 43069, 100, 309.02
2026/06/13 14:55:38.948, 43069, 100, 309.50
2026/06/13 14:55:39.949, 43069, 100, 310.86
2026/06/13 14:55:40.949, 43069, 100, 309.83
2026/06/13 14:55:41.949, 43069, 100, 308.65
2026/06/13 14:55:42.949, 43069, 100, 312.80
2026/06/13 14:55:43.949, 43069, 100, 307.44
2026/06/13 14:55:44.950, 43069, 100, 308.05
2026/06/13 14:55:45.950, 43069, 100, 310.48
2026/06/13 14:55:46.950, 43069, 100, 310.92
2026/06/13 14:55:47.950, 43069, 100, 309.03
2026/06/13 14:55:48.950, 43069, 96, 309.69
2026/06/13 14:55:49.951, 43069, 100, 307.63
2026/06/13 14:55:50.951, 43069, 100, 308.33
2026/06/13 14:55:51.951, 43069, 100, 309.69
2026/06/13 14:55:52.951, 43069, 100, 309.43
2026/06/13 14:55:53.952, 43069, 100, 310.08
2026/06/13 14:55:54.952, 43069, 100, 307.72
2026/06/13 14:55:55.952, 43069, 100, 312.70
2026/06/13 14:55:56.952, 43069, 100, 307.56
2026/06/13 14:55:57.952, 43069, 100, 309.25
2026/06/13 14:55:58.953, 43069, 100, 309.09
2026/06/13 14:55:59.953, 43069, 100, 309.56
2026/06/13 14:56:00.953, 43069, 100, 309.46
2026/06/13 14:56:01.953, 43069, 100, 312.14
2026/06/13 14:56:02.953, 43069, 100, 306.84
2026/06/13 14:56:03.954, 43069, 100, 309.41
2026/06/13 14:56:04.954, 43069, 100, 309.96
2026/06/13 14:56:05.954, 43069, 100, 310.08
2026/06/13 14:56:06.954, 43069, 100, 310.62
2026/06/13 14:56:07.954, 43069, 100, 308.65
2026/06/13 14:56:08.955, 43069, 100, 309.69
2026/06/13 14:56:09.955, 43069, 100, 307.48
2026/06/13 14:56:10.955, 43069, 100, 309.68
2026/06/13 14:56:11.955, 43069, 100, 310.34
2026/06/13 14:56:12.956, 43069, 100, 310.31
2026/06/13 14:56:13.956, 43069, 100, 308.31
2026/06/13 14:56:14.956, 43069, 100, 313.05
2026/06/13 14:56:15.956, 43069, 100, 306.71
2026/06/13 14:56:16.956, 43069, 100, 309.88
2026/06/13 14:56:17.957, 43069, 100, 309.16
2026/06/13 14:56:18.957, 43069, 100, 310.83
2026/06/13 14:56:19.957, 43069, 100, 309.64
2026/06/13 14:56:20.957, 43069, 100, 308.31
2026/06/13 14:56:21.957, 43069, 100, 310.00
2026/06/13 14:56:22.958, 43069, 100, 308.74
2026/06/13 14:56:23.958, 43069, 100, 310.41
2026/06/13 14:56:24.958, 43069, 100, 309.46
2026/06/13 14:56:25.958, 43069, 100, 310.92
2026/06/13 14:56:26.958, 43069, 100, 309.03
2026/06/13 14:56:27.959, 43069, 100, 310.09
2026/06/13 14:56:28.959, 43069, 100, 308.22
2026/06/13 14:56:29.959, 43069, 100, 308.73
2026/06/13 14:56:30.959, 43069, 100, 309.90
2026/06/13 14:56:31.959, 43069, 100, 310.24
2026/06/13 14:56:32.960, 43069, 100, 310.81
2026/06/13 14:56:33.960, 43069, 100, 307.86
2026/06/13 14:56:34.960, 43069, 100, 311.97
2026/06/13 14:56:35.960, 43069, 100, 308.39
2026/06/13 14:56:36.960, 43069, 100, 310.87
2026/06/13 14:56:37.961, 43069, 100, 309.67
2026/06/13 14:56:38.961, 43069, 100, 310.17
2026/06/13 14:56:39.961, 43069, 100, 309.17
2026/06/13 14:56:40.961, 43069, 100, 309.52
2026/06/13 14:56:41.961, 43069, 100, 307.36
2026/06/13 14:56:42.962, 43069, 100, 309.89
2026/06/13 14:56:43.962, 43069, 100, 309.41
2026/06/13 14:56:44.962, 43069, 100, 310.88
2026/06/13 14:56:45.962, 43069, 100, 309.45
2026/06/13 14:56:46.962, 43069, 100, 308.60
2026/06/13 14:56:47.963, 43069, 100, 310.33
2026/06/13 14:56:48.963, 43069, 100, 308.70
2026/06/13 14:56:49.963, 43069, 100, 309.89
2026/06/13 14:56:50.963, 43069, 100, 309.81
2026/06/13 14:56:51.963, 43069, 100, 310.28
2026/06/13 14:56:52.964, 43069, 100, 309.25
2026/06/13 14:56:53.964, 43069, 100, 312.03
2026/06/13 14:56:54.964, 43069, 100, 307.52
2026/06/13 14:56:55.964, 43069, 100, 309.67
2026/06/13 14:56:56.964, 43069, 100, 310.06
2026/06/13 14:56:57.965, 43069, 100, 310.16
2026/06/13 14:56:58.965, 43069, 100, 309.83
2026/06/13 14:56:59.965, 43069, 100, 309.62
2026/06/13 14:57:00.965, 43069, 100, 309.12
2026/06/13 14:57:01.965, 43069, 100, 308.87
2026/06/13 14:57:02.966, 43069, 100, 310.81
2026/06/13 14:57:03.966, 43069, 100, 309.66
2026/06/13 14:57:04.966, 43069, 100, 310.16
2026/06/13 14:57:05.966, 43069, 100, 308.93
2026/06/13 14:57:06.966, 43069, 100, 310.73
2026/06/13 14:57:07.967, 43069, 100, 308.28
2026/06/13 14:57:08.967, 43069, 100, 309.92
2026/06/13 14:57:09.967, 43069, 100, 310.44
2026/06/13 14:57:10.967, 43069, 100, 310.22
2026/06/13 14:57:11.968, 43069, 100, 310.45
2026/06/13 14:57:12.968, 43069, 100, 308.04
2026/06/13 14:57:13.968, 43069, 100, 311.82
2026/06/13 14:57:14.968, 43069, 100, 309.16
2026/06/13 14:57:15.968, 43069, 100, 310.06
2026/06/13 14:57:16.968, 43069, 100, 310.95
2026/06/13 14:57:17.969, 43069, 100, 311.28
2026/06/13 14:57:18.969, 43069, 100, 307.88
2026/06/13 14:57:19.969, 43069, 100, 308.55
2026/06/13 14:57:20.969, 43069, 100, 308.53
2026/06/13 14:57:21.969, 43069, 100, 309.91
2026/06/13 14:57:22.970, 43069, 100, 309.70
2026/06/13 14:57:23.970, 43069, 100, 312.08
2026/06/13 14:57:24.970, 43069, 100, 309.74
2026/06/13 14:57:25.970, 43069, 100, 308.55
2026/06/13 14:57:26.970, 43069, 100, 311.24
2026/06/13 14:57:27.971, 43069, 100, 309.11
2026/06/13 14:57:28.971, 43069, 100, 309.63
2026/06/13 14:57:29.971, 43069, 100, 310.36
2026/06/13 14:57:30.971, 43069, 100, 310.21
2026/06/13 14:57:31.972, 43069, 100, 308.51
2026/06/13 14:57:32.972, 43069, 100, 311.92
2026/06/13 14:57:33.972, 43069, 100, 309.09
2026/06/13 14:57:34.972, 43069, 100, 309.30
2026/06/13 14:57:35.972, 43069, 100, 310.10
2026/06/13 14:57:36.973, 43069, 100, 310.09
2026/06/13 14:57:37.973, 43069, 100, 310.02
2026/06/13 14:57:38.973, 43069, 91, 310.87
2026/06/13 14:57:39.973, 43069, 100, 307.28
2026/06/13 14:57:40.973, 43069, 100, 309.06
2026/06/13 14:57:41.974, 43069, 100, 309.32
2026/06/13 14:57:42.974, 43069, 100, 311.24
2026/06/13 14:57:43.974, 43069, 100, 310.52
2026/06/13 14:57:44.974, 43069, 100, 307.64
2026/06/13 14:57:45.974, 43069, 100, 311.82
2026/06/13 14:57:46.975, 43069, 100, 308.04
2026/06/13 14:57:47.975, 43069, 100, 310.04
2026/06/13 14:57:48.975, 43069, 100, 310.22
2026/06/13 14:57:49.975, 43069, 100, 310.35
2026/06/13 14:57:50.975, 43069, 100, 309.32
2026/06/13 14:57:51.976, 43069, 87, 313.99
2026/06/13 14:57:52.976, 43069, 100, 306.57
2026/06/13 14:57:53.976, 43069, 100, 309.70
2026/06/13 14:57:54.976, 43069, 100, 309.69
2026/06/13 14:57:55.976, 43069, 100, 311.23
2026/06/13 14:57:56.977, 43069, 100, 310.35
2026/06/13 14:57:57.977, 43069, 100, 308.61
2026/06/13 14:57:58.977, 43069, 100, 308.61
2026/06/13 14:57:59.977, 43069, 100, 308.59
2026/06/13 14:58:00.977, 43069, 100, 309.38
2026/06/13 14:58:01.978, 43069, 100, 310.22
2026/06/13 14:58:02.978, 43069, 100, 311.27
2026/06/13 14:58:03.978, 43069, 100, 309.54
2026/06/13 14:58:04.978, 43069, 100, 311.09
2026/06/13 14:58:05.978, 43069, 100, 306.37
2026/06/13 14:58:06.979, 43069, 100, 309.12
2026/06/13 14:58:07.979, 43069, 100, 309.79
2026/06/13 14:58:08.979, 43069, 100, 310.52
2026/06/13 14:58:09.979, 43069, 100, 310.47
2026/06/13 14:58:10.979, 43069, 100, 308.55
2026/06/13 14:58:11.980, 43069, 100, 309.26
2026/06/13 14:58:12.980, 43069, 100, 309.11
2026/06/13 14:58:13.980, 43069, 100, 309.60
2026/06/13 14:58:14.980, 43069, 100, 310.81
2026/06/13 14:58:15.980, 43069, 100, 311.17
2026/06/13 14:58:16.981, 43069, 100, 309.15
2026/06/13 14:58:17.981, 43069, 96, 310.31
2026/06/13 14:58:18.981, 43069, 100, 307.07
2026/06/13 14:58:19.981, 43069, 100, 308.92
2026/06/13 14:58:20.982, 43069, 100, 310.12
2026/06/13 14:58:21.982, 43069, 100, 310.66
2026/06/13 14:58:22.982, 43069, 100, 310.56
2026/06/13 14:58:23.982, 43069, 100, 307.70
2026/06/13 14:58:24.982, 43069, 100, 309.28
2026/06/13 14:58:25.983, 43069, 100, 307.93
2026/06/13 14:58:26.983, 43069, 100, 309.94
2026/06/13 14:58:27.983, 43069, 100, 309.77
2026/06/13 14:58:28.983, 43069, 100, 311.02
2026/06/13 14:58:29.983, 43069, 100, 308.28
2026/06/13 14:58:30.984, 43069, 100, 312.86
2026/06/13 14:58:31.984, 43069, 100, 306.52
2026/06/13 14:58:32.984, 43069, 100, 309.28
2026/06/13 14:58:33.984, 43069, 100, 310.17
2026/06/13 14:58:34.984, 43069, 100, 310.43
2026/06/13 14:58:35.985, 43069, 100, 309.78
2026/06/13 14:58:36.985, 43069, 100, 311.32
2026/06/13 14:58:37.985, 43069, 100, 305.45
2026/06/13 14:58:38.985, 43069, 100, 309.17
2026/06/13 14:58:39.985, 43069, 100, 310.00
2026/06/13 14:58:40.986, 43069, 100, 310.32
2026/06/13 14:58:41.986, 43069, 100, 310.38
2026/06/13 14:58:42.986, 43069, 100, 309.83
2026/06/13 14:58:43.986, 43069, 100, 308.73
2026/06/13 14:58:44.986, 43069, 100, 305.74
2026/06/13 14:58:45.987, 43069, 100, 309.23
2026/06/13 14:58:46.987, 43069, 100, 309.83
2026/06/13 14:58:47.987, 43069, 100, 310.97
2026/06/13 14:58:48.987, 43069, 100, 309.62
2026/06/13 14:58:49.987, 43069, 100, 312.70
2026/06/13 14:58:50.988, 43069, 100, 305.15
2026/06/13 14:58:51.988, 43069, 100, 308.66
2026/06/13 14:58:52.989, 43069, 100, 309.33
2026/06/13 14:58:53.990, 43069, 100, 310.40
2026/06/13 14:58:54.990, 43069, 100, 310.24
2026/06/13 14:58:55.990, 43069, 100, 308.49
2026/06/13 14:58:56.990, 43069, 100, 310.25
2026/06/13 14:58:57.990, 43069, 100, 306.49
2026/06/13 14:58:58.991, 43069, 100, 309.59
2026/06/13 14:58:59.991, 43069, 100, 309.73
2026/06/13 14:59:00.991, 43069, 100, 310.47
2026/06/13 14:59:01.991, 43069, 100, 308.91
2026/06/13 14:59:02.991, 43069, 89, 304.21
2026/06/13 14:59:03.992, 45149, 100, 325.31
2026/06/13 14:59:04.992, 45229, 100, 334.63
2026/06/13 14:59:05.992, 45229, 100, 331.45
2026/06/13 14:59:06.992, 45229, 100, 332.57
2026/06/13 14:59:07.992, 45229, 100, 333.28
2026/06/13 14:59:08.993, 45229, 100, 332.33
2026/06/13 14:59:09.993, 45589, 100, 335.11
2026/06/13 14:59:10.993, 45589, 100, 330.40
2026/06/13 14:59:11.993, 45589, 100, 334.53
2026/06/13 14:59:12.993, 45589, 100, 332.30
2026/06/13 14:59:13.994, 45589, 100, 333.34
2026/06/13 14:59:14.994, 45589, 100, 335.15
2026/06/13 14:59:15.994, 45589, 100, 330.40
2026/06/13 14:59:16.994, 45589, 100, 336.13
2026/06/13 14:59:17.995, 45589, 100, 328.29
2026/06/13 14:59:18.995, 45749, 100, 336.53
2026/06/13 14:59:19.995, 45749, 100, 332.24
2026/06/13 14:59:20.995, 45749, 100, 331.34
2026/06/13 14:59:21.995, 45749, 100, 334.68
2026/06/13 14:59:22.996, 45749, 100, 297.10
2026/06/13 14:59:23.996, 45749, 100, 291.03
2026/06/13 14:59:24.996, 45749, 100, 292.15
2026/06/13 14:59:25.996, 45749, 100, 292.08
2026/06/13 14:59:26.996, 45751, 100, 294.47
2026/06/13 14:59:27.997, 45751, 100, 278.20
2026/06/13 14:59:28.997, 45751, 100, 297.79
2026/06/13 14:59:29.997, 45751, 100, 309.58
2026/06/13 14:59:30.997, 45751, 100, 311.19
2026/06/13 14:59:31.997, 45751, 100, 311.15
2026/06/13 14:59:32.998, 45751, 100, 310.93
2026/06/13 14:59:33.998, 45751, 100, 308.80
2026/06/13 14:59:34.998, 45751, 96, 311.07
2026/06/13 14:59:35.998, 45751, 100, 308.98
2026/06/13 14:59:36.998, 45751, 100, 310.67
2026/06/13 14:59:37.999, 45751, 100, 310.57
2026/06/13 14:59:38.999, 45751, 100, 310.77
2026/06/13 14:59:39.999, 45751, 100, 310.51
2026/06/13 14:59:40.999, 45751, 100, 309.19
2026/06/13 14:59:42.000, 45751, 100, 312.00
2026/06/13 14:59:43.000, 45751, 100, 309.28
2026/06/13 14:59:44.000, 45751, 100, 311.63
2026/06/13 14:59:45.000, 45751, 100, 310.55
2026/06/13 14:59:46.000, 45751, 100, 311.81
2026/06/13 14:59:47.001, 45751, 100, 308.20
2026/06/13 14:59:48.001, 45751, 100, 311.58
2026/06/13 14:59:49.001, 45751, 100, 307.95
2026/06/13 14:59:50.001, 45751, 100, 309.31
2026/06/13 14:59:51.001, 45751, 100, 311.44
2026/06/13 14:59:52.002, 45751, 100, 310.65
2026/06/13 14:59:53.002, 45751, 100, 308.55
2026/06/13 14:59:54.002, 45751, 96, 309.33
2026/06/13 14:59:55.002, 45751, 100, 308.14
2026/06/13 14:59:56.002, 45751, 100, 310.43
2026/06/13 14:59:57.002, 45751, 100, 311.53
2026/06/13 14:59:58.003, 45751, 100, 311.28
2026/06/13 14:59:59.003, 45751, 100, 310.30
2026/06/13 15:00:00.003, 45751, 100, 308.96
2026/06/13 15:00:01.003, 45751, 100, 312.23
2026/06/13 15:00:02.003, 45751, 100, 308.95
2026/06/13 15:00:02.979, 45751, 100, 309.66
2026/06/13 15:00:03.980, 45751, 100, 310.87
2026/06/13 15:00:04.980, 45751, 100, 311.63
2026/06/13 15:00:05.980, 45751, 100, 308.94
2026/06/13 15:00:06.980, 45751, 85, 309.63
2026/06/13 15:00:07.980, 45751, 100, 309.06
2026/06/13 15:00:08.981, 45751, 100, 309.26
2026/06/13 15:00:09.981, 45751, 100, 311.00
2026/06/13 15:00:10.981, 45751, 100, 310.46
2026/06/13 15:00:11.981, 45751, 100, 311.49
2026/06/13 15:00:12.981, 45751, 100, 308.56
2026/06/13 15:00:13.982, 45751, 100, 310.58
2026/06/13 15:00:14.982, 45751, 100, 309.61
2026/06/13 15:00:15.982, 45751, 100, 309.70
2026/06/13 15:00:16.982, 45751, 100, 310.78
2026/06/13 15:00:17.982, 45751, 100, 311.31
2026/06/13 15:00:18.983, 45751, 100, 308.75
2026/06/13 15:00:19.983, 45751, 96, 313.29
2026/06/13 15:00:20.983, 45751, 100, 308.09
2026/06/13 15:00:21.983, 45751, 100, 310.51
2026/06/13 15:00:22.983, 45751, 100, 310.51
2026/06/13 15:00:23.984, 45751, 100, 310.96
2026/06/13 15:00:24.984, 45751, 100, 310.45
2026/06/13 15:00:25.984, 45751, 100, 308.27
2026/06/13 15:00:26.984, 45751, 100, 312.85
2026/06/13 15:00:27.984, 45751, 100, 308.84
2026/06/13 15:00:28.985, 45751, 100, 310.29
2026/06/13 15:00:29.985, 45751, 100, 310.76
2026/06/13 15:00:30.985, 45751, 100, 310.66
2026/06/13 15:00:31.985, 45751, 100, 309.81
2026/06/13 15:00:32.985, 45751, 100, 309.93
2026/06/13 15:00:33.986, 45751, 100, 308.06
2026/06/13 15:00:34.986, 45751, 100, 310.14
2026/06/13 15:00:35.986, 45751, 100, 310.80
2026/06/13 15:00:36.986, 45751, 100, 311.04
2026/06/13 15:00:37.986, 45751, 100, 309.98
2026/06/13 15:00:38.987, 45751, 100, 309.13
2026/06/13 15:00:39.987, 45751, 100, 311.03
2026/06/13 15:00:40.987, 45751, 100, 308.97
2026/06/13 15:00:41.987, 45751, 100, 310.48
2026/06/13 15:00:42.988, 45751, 100, 310.07
2026/06/13 15:00:43.988, 45751, 100, 311.79
2026/06/13 15:00:44.988, 45751, 100, 308.54
2026/06/13 15:00:45.988, 45751, 100, 312.25
2026/06/13 15:00:46.988, 45751, 100, 309.37
2026/06/13 15:00:47.989, 45751, 100, 309.39
2026/06/13 15:00:48.989, 45751, 100, 311.06
2026/06/13 15:00:49.989, 45751, 100, 311.02
2026/06/13 15:00:50.989, 45751, 100, 310.55
2026/06/13 15:00:51.989, 45751, 100, 308.19
2026/06/13 15:00:52.990, 45751, 100, 309.82
2026/06/13 15:00:53.990, 45751, 100, 309.02
2026/06/13 15:00:54.990, 45751, 100, 310.40
2026/06/13 15:00:55.990, 45751, 100, 311.15
2026/06/13 15:00:56.991, 45751, 100, 311.63
2026/06/13 15:00:57.991, 45751, 100, 307.95
2026/06/13 15:00:58.991, 45751, 100, 312.98
2026/06/13 15:00:59.991, 45751, 100, 308.33
2026/06/13 15:01:00.991, 45751, 100, 310.16
2026/06/13 15:01:01.992, 45751, 100, 310.02
2026/06/13 15:01:02.992, 45751, 100, 311.54
2026/06/13 15:01:03.992, 45751, 100, 309.98
2026/06/13 15:01:04.992, 45751, 100, 309.08
2026/06/13 15:01:05.992, 45751, 100, 311.90
2026/06/13 15:01:06.993, 45751, 100, 309.99
2026/06/13 15:01:07.993, 45751, 100, 309.98
2026/06/13 15:01:08.993, 45751, 100, 310.65
2026/06/13 15:01:09.993, 45751, 100, 310.48
2026/06/13 15:01:10.993, 45751, 100, 308.82
2026/06/13 15:01:11.994, 45751, 100, 309.77
2026/06/13 15:01:12.994, 45751, 100, 309.46
2026/06/13 15:01:13.994, 45751, 100, 309.37
2026/06/13 15:01:14.994, 45751, 100, 310.97
2026/06/13 15:01:15.994, 45751, 100, 311.50
2026/06/13 15:01:16.995, 45751, 100, 310.03
2026/06/13 15:01:17.995, 45751, 100, 309.05
2026/06/13 15:01:18.995, 45751, 100, 311.49
2026/06/13 15:01:19.995, 45751, 100, 309.32
2026/06/13 15:01:20.995, 45751, 100, 310.71
2026/06/13 15:01:21.996, 45751, 100, 311.12
2026/06/13 15:01:22.996, 45751, 100, 310.07
2026/06/13 15:01:23.996, 45751, 100, 308.87
2026/06/13 15:01:24.996, 45751, 100, 311.63
2026/06/13 15:01:25.996, 45751, 100, 308.89
2026/06/13 15:01:26.997, 45751, 100, 309.70
2026/06/13 15:01:27.997, 45751, 100, 310.92
2026/06/13 15:01:28.997, 45751, 100, 310.56
2026/06/13 15:01:29.997, 45751, 100, 310.13
2026/06/13 15:01:30.997, 45751, 100, 307.94
2026/06/13 15:01:31.998, 45751, 100, 310.58
2026/06/13 15:01:32.998, 45751, 100, 308.70
2026/06/13 15:01:33.998, 45751, 100, 311.07
2026/06/13 15:01:34.998, 45751, 100, 310.42
2026/06/13 15:01:35.998, 45751, 100, 310.83
2026/06/13 15:01:36.999, 45751, 100, 308.55
2026/06/13 15:01:37.999, 45751, 100, 312.77
2026/06/13 15:01:38.999, 45751, 100, 309.27
2026/06/13 15:01:39.999, 45751, 100, 310.66
2026/06/13 15:01:40.999, 45751, 100, 310.20
2026/06/13 15:01:42.000, 45751, 100, 311.62
2026/06/13 15:01:43.000, 45751, 100, 309.28
2026/06/13 15:01:44.000, 45751, 100, 312.23
2026/06/13 15:01:45.000, 45751, 100, 310.81
2026/06/13 15:01:46.000, 45751, 100, 308.95
2026/06/13 15:01:47.000, 45751, 100, 310.37
2026/06/13 15:01:48.001, 45751, 100, 311.25
2026/06/13 15:01:49.001, 45751, 100, 309.99
2026/06/13 15:01:50.001, 45751, 100, 308.58
2026/06/13 15:01:51.002, 45751, 100, 309.25
2026/06/13 15:01:52.002, 45751, 100, 310.06
2026/06/13 15:01:53.003, 45751, 100, 310.21
2026/06/13 15:01:54.003, 45751, 100, 311.51
2026/06/13 15:01:55.003, 45751, 100, 310.87
2026/06/13 15:01:56.004, 45751, 100, 310.19
2026/06/13 15:01:57.005, 45751, 100, 312.25
2026/06/13 15:01:58.005, 45751, 100, 308.51
2026/06/13 15:01:59.005, 45751, 100, 309.75
2026/06/13 15:02:00.005, 45751, 100, 309.95
2026/06/13 15:02:01.005, 45751, 100, 311.30
2026/06/13 15:02:02.006, 45751, 100, 310.58
2026/06/13 15:02:03.006, 45751, 100, 308.44
2026/06/13 15:02:04.006, 45751, 100, 312.30
2026/06/13 15:02:05.006, 45751, 100, 308.56
2026/06/13 15:02:06.007, 45751, 100, 311.16
2026/06/13 15:02:07.007, 45751, 100, 310.19
2026/06/13 15:02:08.007, 45751, 100, 312.02
2026/06/13 15:02:09.007, 45751, 100, 308.78
2026/06/13 15:02:10.008, 45751, 90, 311.45
2026/06/13 15:02:11.008, 45751, 100, 308.37
2026/06/13 15:02:12.008, 45751, 100, 309.99
2026/06/13 15:02:13.008, 45751, 100, 310.69
2026/06/13 15:02:14.008, 45751, 100, 310.65
2026/06/13 15:02:15.009, 45751, 100, 309.97
2026/06/13 15:02:16.009, 45751, 100, 308.71
2026/06/13 15:02:17.010, 45751, 100, 311.39
2026/06/13 15:02:18.010, 45751, 100, 309.31
2026/06/13 15:02:19.010, 45751, 100, 310.42
2026/06/13 15:02:20.010, 45751, 100, 310.85
2026/06/13 15:02:21.010, 45751, 100, 310.83
2026/06/13 15:02:22.011, 45751, 100, 309.26
2026/06/13 15:02:23.011, 45751, 96, 314.63
2026/06/13 15:02:24.011, 45751, 100, 307.78
2026/06/13 15:02:25.011, 45751, 100, 309.50
2026/06/13 15:02:26.012, 45751, 100, 311.12
2026/06/13 15:02:27.012, 45751, 100, 311.14
2026/06/13 15:02:28.012, 45751, 100, 310.58
2026/06/13 15:02:29.012, 45751, 100, 308.36
2026/06/13 15:02:30.012, 45751, 100, 308.49
2026/06/13 15:02:31.012, 45751, 100, 309.71
2026/06/13 15:02:32.013, 45751, 100, 310.60
2026/06/13 15:02:33.013, 45751, 100, 310.94
2026/06/13 15:02:34.013, 45751, 100, 311.05
2026/06/13 15:02:35.014, 45751, 100, 309.78
2026/06/13 15:02:36.022, 45751, 100, 311.34
2026/06/13 15:02:37.022, 45751, 100, 308.39
2026/06/13 15:02:38.022, 45751, 100, 310.72
2026/06/13 15:02:39.022, 45751, 100, 310.56
2026/06/13 15:02:40.022, 45751, 100, 311.15
2026/06/13 15:02:41.023, 45751, 100, 311.06
2026/06/13 15:02:42.023, 45751, 100, 308.27
2026/06/13 15:02:43.023, 45751, 100, 311.60
2026/06/13 15:02:44.023, 45751, 100, 309.75
2026/06/13 15:02:45.023, 45751, 100, 310.61
2026/06/13 15:02:46.024, 45751, 100, 309.87
2026/06/13 15:02:47.024, 45751, 100, 311.52
2026/06/13 15:02:48.024, 45751, 100, 308.91
2026/06/13 15:02:49.024, 45751, 100, 311.05
2026/06/13 15:02:50.024, 45751, 100, 308.50
2026/06/13 15:02:51.026, 45751, 100, 310.04
2026/06/13 15:02:52.026, 45751, 100, 310.60
2026/06/13 15:02:53.026, 45751, 100, 311.64
2026/06/13 15:02:54.026, 45751, 100, 309.29
2026/06/13 15:02:55.026, 45751, 100, 312.35
2026/06/13 15:02:56.027, 45751, 100, 308.17
2026/06/13 15:02:57.027, 45751, 100, 309.77
2026/06/13 15:02:58.027, 45751, 100, 310.51
2026/06/13 15:02:59.027, 45751, 100, 311.46
2026/06/13 15:03:00.027, 45751, 100, 310.42
2026/06/13 15:03:01.027, 45751, 100, 309.15
2026/06/13 15:03:02.028, 45751, 100, 314.13
2026/06/13 15:03:03.028, 45751, 100, 308.90
2026/06/13 15:03:04.028, 45751, 100, 310.55
2026/06/13 15:03:05.028, 45751, 100, 310.86
2026/06/13 15:03:06.028, 45751, 100, 311.12
2026/06/13 15:03:07.028, 45751, 100, 310.80
2026/06/13 15:03:08.029, 45751, 92, 310.28
2026/06/13 15:03:09.029, 45751, 100, 308.46
2026/06/13 15:03:10.029, 45751, 100, 309.18
2026/06/13 15:03:11.029, 45751, 100, 311.08
2026/06/13 15:03:12.029, 45751, 100, 309.87
2026/06/13 15:03:13.029, 45751, 100, 311.10
2026/06/13 15:03:14.030, 45751, 100, 309.52
2026/06/13 15:03:15.030, 45751, 100, 310.84
2026/06/13 15:03:16.030, 45751, 100, 308.80
2026/06/13 15:03:17.030, 45751, 100, 310.81
2026/06/13 15:03:18.030, 45751, 100, 310.95
2026/06/13 15:03:19.031, 45751, 100, 310.48
2026/06/13 15:03:20.031, 45751, 100, 309.86
2026/06/13 15:03:21.031, 45751, 86, 313.51
2026/06/13 15:03:22.031, 45751, 100, 307.76
2026/06/13 15:03:23.031, 45751, 100, 309.86
2026/06/13 15:03:24.031, 45751, 100, 310.15
2026/06/13 15:03:25.032, 45751, 100, 310.57
2026/06/13 15:03:26.032, 45751, 100, 311.46
2026/06/13 15:03:27.032, 45751, 100, 308.46
2026/06/13 15:03:28.032, 45751, 100, 311.79
2026/06/13 15:03:29.032, 45751, 100, 309.09
2026/06/13 15:03:30.033, 45751, 100, 309.73
2026/06/13 15:03:31.033, 45751, 100, 310.33
2026/06/13 15:03:32.033, 45751, 100, 311.67
2026/06/13 15:03:33.033, 45751, 100, 309.24
2026/06/13 15:03:34.033, 45751, 96, 310.11
2026/06/13 15:03:35.033, 45751, 100, 308.03
2026/06/13 15:03:36.034, 45751, 100, 309.80
2026/06/13 15:03:37.034, 45751, 100, 310.02
2026/06/13 15:03:38.034, 45751, 100, 310.95
2026/06/13 15:03:39.034, 45751, 100, 310.62
2026/06/13 15:03:40.034, 45751, 100, 309.20
2026/06/13 15:03:41.034, 45751, 100, 311.31
2026/06/13 15:03:42.034, 45751, 100, 309.34
2026/06/13 15:03:43.035, 45751, 100, 310.72
2026/06/13 15:03:44.035, 45751, 100, 310.75
2026/06/13 15:03:45.035, 45751, 100, 310.95
2026/06/13 15:03:46.035, 45751, 100, 309.99
2026/06/13 15:03:47.035, 45751, 100, 310.78
2026/06/13 15:03:48.035, 45751, 100, 308.60
2026/06/13 15:03:49.036, 45751, 100, 310.05
2026/06/13 15:03:50.036, 45751, 100, 310.90
2026/06/13 15:03:51.036, 45751, 100, 310.43
2026/06/13 15:03:52.036, 45751, 100, 311.86
2026/06/13 15:03:53.036, 45751, 100, 308.76
2026/06/13 15:03:54.036, 45751, 100, 310.62
2026/06/13 15:03:55.037, 45751, 100, 308.57
2026/06/13 15:03:56.037, 45751, 100, 310.45
2026/06/13 15:03:57.037, 45751, 100, 311.08
2026/06/13 15:03:58.037, 45751, 100, 311.24
2026/06/13 15:03:59.037, 45751, 100, 308.42
2026/06/13 15:04:00.037, 45751, 100, 313.73
2026/06/13 15:04:01.038, 45751, 100, 308.54
2026/06/13 15:04:02.038, 45751, 100, 310.21
2026/06/13 15:04:03.038, 45751, 100, 310.24
2026/06/13 15:04:04.038, 45751, 100, 311.34
2026/06/13 15:04:05.038, 45751, 100, 310.31
2026/06/13 15:04:06.038, 45751, 100, 309.74
2026/06/13 15:04:07.039, 45751, 100, 310.95
2026/06/13 15:04:08.039, 45751, 100, 308.87
2026/06/13 15:04:09.039, 45751, 100, 310.65
2026/06/13 15:04:10.039, 45751, 100, 310.20
2026/06/13 15:04:11.039, 45751, 100, 310.77
2026/06/13 15:04:12.040, 45751, 100, 308.99
2026/06/13 15:04:13.040, 45751, 100, 309.73
2026/06/13 15:04:14.040, 45751, 100, 309.08
2026/06/13 15:04:15.040, 45751, 100, 309.67
2026/06/13 15:04:16.040, 45751, 100, 310.89
2026/06/13 15:04:17.041, 45751, 100, 310.84
2026/06/13 15:04:18.041, 45751, 100, 310.52
2026/06/13 15:04:19.041, 45751, 100, 309.22
2026/06/13 15:04:20.041, 45751, 100, 312.35
2026/06/13 15:04:21.041, 45751, 100, 308.77
2026/06/13 15:04:22.042, 45751, 100, 311.28
2026/06/13 15:04:23.042, 45751, 100, 311.27
2026/06/13 15:04:24.042, 45751, 100, 310.84
2026/06/13 15:04:25.042, 45751, 100, 308.83
2026/06/13 15:04:26.042, 45751, 100, 311.42
2026/06/13 15:04:27.043, 45751, 100, 309.01
2026/06/13 15:04:28.043, 45751, 100, 310.23
2026/06/13 15:04:29.043, 45751, 100, 311.08
2026/06/13 15:04:30.043, 45751, 100, 310.78
2026/06/13 15:04:31.043, 45751, 100, 310.20
2026/06/13 15:04:32.043, 45751, 100, 308.82
2026/06/13 15:04:33.044, 45751, 100, 308.60
2026/06/13 15:04:34.044, 45751, 100, 309.11
2026/06/13 15:04:35.044, 45751, 100, 310.40
2026/06/13 15:04:36.044, 45751, 100, 310.16
2026/06/13 15:04:37.044, 45751, 100, 311.03
2026/06/13 15:04:38.045, 45751, 100, 308.81
2026/06/13 15:04:39.045, 45751, 100, 311.99
2026/06/13 15:04:40.045, 45751, 100, 308.97
2026/06/13 15:04:41.045, 45751, 100, 310.65
2026/06/13 15:04:42.045, 45751, 100, 310.28
2026/06/13 15:04:43.046, 45751, 100, 311.13
2026/06/13 15:04:44.046, 45751, 100, 309.82
2026/06/13 15:04:45.046, 45751, 100, 309.79
2026/06/13 15:04:46.046, 45751, 100, 310.03
2026/06/13 15:04:47.046, 45751, 100, 309.30
2026/06/13 15:04:48.047, 45751, 100, 310.86
2026/06/13 15:04:49.047, 45751, 100, 310.91
2026/06/13 15:04:50.047, 45751, 100, 310.58
2026/06/13 15:04:51.047, 45751, 100, 309.48
2026/06/13 15:04:52.047, 45751, 100, 308.56
2026/06/13 15:04:53.047, 45751, 100, 309.94
2026/06/13 15:04:54.048, 45751, 100, 309.70
2026/06/13 15:04:55.048, 45751, 100, 310.96
2026/06/13 15:04:56.048, 45751, 100, 311.00
2026/06/13 15:04:57.048, 45751, 100, 310.55
2026/06/13 15:04:58.048, 45751, 100, 312.87
2026/06/13 15:04:59.049, 45751, 100, 307.87
2026/06/13 15:05:00.049, 45751, 100, 309.62
2026/06/13 15:05:01.049, 45751, 100, 310.52
2026/06/13 15:05:02.049, 45751, 100, 311.38
2026/06/13 15:05:03.050, 45751, 100, 310.13
2026/06/13 15:05:04.050, 45751, 100, 308.87
2026/06/13 15:05:05.050, 45751, 100, 311.78
2026/06/13 15:05:06.050, 45751, 100, 309.06
2026/06/13 15:05:07.050, 45751, 100, 310.20
2026/06/13 15:05:08.051, 45751, 100, 310.62
2026/06/13 15:05:09.051, 45751, 100, 311.87
2026/06/13 15:05:10.051, 45751, 100, 309.95
2026/06/13 15:05:11.051, 45751, 100, 311.08
2026/06/13 15:05:12.051, 45751, 100, 307.86
2026/06/13 15:05:13.051, 45751, 100, 309.30
2026/06/13 15:05:14.052, 45751, 100, 309.51
2026/06/13 15:05:15.052, 45751, 100, 310.87
2026/06/13 15:05:16.052, 45751, 100, 309.87
2026/06/13 15:05:17.052, 45751, 100, 309.14
2026/06/13 15:05:18.052, 45751, 100, 309.95
2026/06/13 15:05:19.053, 45751, 100, 308.36
2026/06/13 15:05:20.053, 45751, 100, 310.20
2026/06/13 15:05:21.053, 45751, 100, 309.84
2026/06/13 15:05:22.053, 45751, 100, 311.77
2026/06/13 15:05:23.053, 45751, 100, 309.29
2026/06/13 15:05:24.054, 45751, 86, 313.53
2026/06/13 15:05:25.054, 45751, 100, 307.37
2026/06/13 15:05:26.054, 45751, 100, 309.79
2026/06/13 15:05:27.054, 45751, 100, 310.69
2026/06/13 15:05:28.054, 45751, 100, 311.17
2026/06/13 15:05:29.055, 45751, 100, 310.67
2026/06/13 15:05:30.055, 45751, 100, 308.68
2026/06/13 15:05:31.055, 45751, 100, 308.13
2026/06/13 15:05:32.055, 45751, 100, 309.20
2026/06/13 15:05:33.056, 45751, 100, 309.99
2026/06/13 15:05:34.056, 45751, 100, 310.47
2026/06/13 15:05:35.056, 45751, 100, 311.20
2026/06/13 15:05:36.056, 45751, 100, 309.82
2026/06/13 15:05:37.056, 45751, 96, 311.26
2026/06/13 15:05:38.057, 45751, 100, 307.26
2026/06/13 15:05:39.057, 45751, 100, 310.04
2026/06/13 15:05:40.057, 45751, 100, 310.61
2026/06/13 15:05:41.057, 45751, 100, 309.88
2026/06/13 15:05:42.057, 45751, 100, 310.66
2026/06/13 15:05:43.058, 45751, 100, 308.39
2026/06/13 15:05:44.058, 45751, 100, 311.61
2026/06/13 15:05:45.058, 45751, 100, 309.64
2026/06/13 15:05:46.058, 45751, 100, 309.85
2026/06/13 15:05:47.058, 45751, 100, 310.98
2026/06/13 15:05:48.059, 45751, 100, 310.71
2026/06/13 15:05:49.059, 45751, 100, 310.24
2026/06/13 15:05:50.059, 45751, 100, 311.32
2026/06/13 15:05:51.059, 45751, 100, 307.12
2026/06/13 15:05:52.059, 45751, 100, 309.63
2026/06/13 15:05:53.060, 45751, 100, 310.62
2026/06/13 15:05:54.061, 45751, 100, 310.65
2026/06/13 15:05:55.061, 45751, 100, 310.15
2026/06/13 15:05:56.061, 45751, 100, 308.66
2026/06/13 15:05:57.061, 45751, 100, 305.93
2026/06/13 15:05:58.062, 45751, 100, 310.05
2026/06/13 15:05:59.062, 45751, 100, 310.59
2026/06/13 15:06:00.062, 45751, 100, 310.04
2026/06/13 15:06:01.062, 45751, 100, 311.38
2026/06/13 15:06:02.062, 45751, 100, 309.29
2026/06/13 15:06:03.063, 45751, 100, 312.28
2026/06/13 15:06:04.063, 45751, 100, 307.70
2026/06/13 15:06:05.063, 45751, 100, 309.50
2026/06/13 15:06:06.063, 45751, 100, 310.36
2026/06/13 15:06:07.064, 45751, 100, 311.25
2026/06/13 15:06:08.064, 45751, 100, 309.75
2026/06/13 15:06:09.064, 45751, 100, 312.65
2026/06/13 15:06:10.064, 45751, 100, 308.72
2026/06/13 15:06:11.064, 45751, 100, 309.60
2026/06/13 15:06:12.065, 45751, 100, 310.19
2026/06/13 15:06:13.065, 45751, 100, 310.38
2026/06/13 15:06:14.065, 45751, 100, 310.96
2026/06/13 15:06:15.065, 45751, 100, 309.21
2026/06/13 15:06:16.065, 45751, 100, 309.92
2026/06/13 15:06:17.066, 45751, 100, 306.85
2026/06/13 15:06:18.066, 45751, 100, 309.33
2026/06/13 15:06:19.066, 45751, 100, 310.49
2026/06/13 15:06:20.066, 45751, 100, 311.41
2026/06/13 15:06:21.066, 45751, 100, 309.53
2026/06/13 15:06:22.067, 45751, 89, 313.13
2026/06/13 15:06:23.067, 45751, 100, 305.83
2026/06/13 15:06:24.067, 45751, 100, 309.11
2026/06/13 15:06:25.067, 45751, 100, 310.27
2026/06/13 15:06:26.067, 45751, 100, 310.73
2026/06/13 15:06:27.068, 45751, 100, 310.60
2026/06/13 15:06:28.068, 45751, 100, 310.21
2026/06/13 15:06:29.068, 45751, 100, 311.17
2026/06/13 15:06:30.068, 45751, 100, 306.98
2026/06/13 15:06:31.069, 45751, 100, 309.35
2026/06/13 15:06:32.069, 45751, 100, 310.05
2026/06/13 15:06:33.069, 45751, 100, 310.85
2026/06/13 15:06:34.069, 45751, 100, 309.47
2026/06/13 15:06:35.069, 45751, 100, 309.13
2026/06/13 15:06:36.070, 45751, 100, 306.03
2026/06/13 15:06:37.070, 45751, 100, 308.88
2026/06/13 15:06:38.070, 45751, 100, 310.35
2026/06/13 15:06:39.070, 45751, 100, 309.97
2026/06/13 15:06:40.070, 45751, 100, 311.23
2026/06/13 15:06:41.071, 45751, 100, 308.37
2026/06/13 15:06:42.071, 45751, 100, 309.99
2026/06/13 15:06:43.078, 45751, 100, 308.42
2026/06/13 15:06:44.078, 45751, 100, 309.76
2026/06/13 15:06:45.078, 45751, 100, 309.95
2026/06/13 15:06:46.079, 45751, 100, 311.06
2026/06/13 15:06:47.079, 45751, 100, 309.86
2026/06/13 15:06:48.079, 45751, 100, 311.05
2026/06/13 15:06:49.079, 45751, 100, 306.57
2026/06/13 15:06:50.080, 45751, 100, 308.22
2026/06/13 15:06:51.080, 45751, 100, 310.85
2026/06/13 15:06:52.080, 45751, 100, 309.85
2026/06/13 15:06:53.082, 45751, 100, 310.61
2026/06/13 15:06:54.082, 45751, 100, 309.12
2026/06/13 15:06:55.082, 45751, 100, 308.20
2026/06/13 15:06:56.082, 45751, 100, 307.17
2026/06/13 15:06:57.082, 45751, 100, 309.47
2026/06/13 15:06:58.083, 45751, 100, 310.21
2026/06/13 15:06:59.083, 45751, 100, 310.45
2026/06/13 15:07:00.083, 45751, 100, 308.73
2026/06/13 15:07:01.083, 45751, 100, 309.06
2026/06/13 15:07:02.083, 45751, 100, 334.36
2026/06/13 15:07:03.084, 45751, 100, 329.24
2026/06/13 15:07:04.084, 45751, 100, 334.93
2026/06/13 15:07:05.085, 45751, 100, 331.98
2026/06/13 15:07:06.085, 45751, 100, 331.35
2026/06/13 15:07:07.085, 45851, 100, 333.05
2026/06/13 15:07:08.085, 45851, 100, 332.88
2026/06/13 15:07:09.085, 45851, 100, 334.26
2026/06/13 15:07:10.086, 45851, 100, 329.95
2026/06/13 15:07:11.086, 45851, 100, 335.55
2026/06/13 15:07:12.086, 45851, 100, 331.80
2026/06/13 15:07:13.086, 45851, 100, 332.47
2026/06/13 15:07:14.086, 45851, 100, 335.20
2026/06/13 15:07:15.087, 45851, 100, 332.23
2026/06/13 15:07:16.087, 45851, 100, 334.93
2026/06/13 15:07:17.087, 45851, 100, 331.12
2026/06/13 15:07:18.088, 45851, 100, 334.24
2026/06/13 15:07:19.088, 45851, 100, 332.67
2026/06/13 15:07:20.089, 45851, 45, 304.19
2026/06/13 15:07:21.089, 45851, 0, 127.53
2026/06/13 15:07:22.089, 45851, 0, 126.74
2026/06/13 15:07:23.089, 45851, 0, 126.57
2026/06/13 15:07:24.090, 45563, 0, 126.40
2026/06/13 15:07:25.090, 0, 0, 131.80
2026/06/13 15:07:26.090, 0, 0, 128.55
2026/06/13 15:07:27.090, 0, 0, 102.43
2026/06/13 15:07:28.090, 0, 0, 75.99
